{"returned_dict": {"loss": 0.4897778000702212, "status": "ok", "start_time": 1653786145.444842, "duration": 209.87825679779053}, "current_params": {"N": 100, "iss": 0.18979148647491736, "lr": 0.7673347950256527, "ridge": 9.526845057919662e-05, "seed": 1234, "sr": 0.9292550193185131}}