{"returned_dict": {"loss": 0.487177107889853, "status": "ok", "start_time": 1653778160.1382039, "duration": 210.98204898834229}, "current_params": {"N": 100, "iss": 1.7387534125014403, "lr": 0.7673347950256527, "ridge": 0.032303030028539265, "seed": 1234, "sr": 0.9292550193185131}}