{"returned_dict": {"loss": 0.4862767718312685, "status": "ok", "start_time": 1653799619.0388749, "duration": 207.92743802070618}, "current_params": {"N": 100, "iss": 1.0137413181718307, "lr": 0.7673347950256527, "ridge": 9.43604896565303e-06, "seed": 1234, "sr": 0.9292550193185131}}