{"returned_dict": {"loss": 0.4875357375733561, "status": "ok", "start_time": 1653791008.1736782, "duration": 212.30572271347046}, "current_params": {"N": 100, "iss": 2.2683728828956404, "lr": 0.7673347950256527, "ridge": 3.447195509491677e-05, "seed": 1234, "sr": 0.9292550193185131}}