{"returned_dict": {"loss": 0.4873902793800471, "status": "ok", "start_time": 1653795462.8902268, "duration": 211.7538661956787}, "current_params": {"N": 100, "iss": 1.9322824255636537, "lr": 0.7673347950256527, "ridge": 0.5135342109016375, "seed": 1234, "sr": 0.9292550193185131}}