{"returned_dict": {"loss": 0.48914580929929274, "status": "ok", "start_time": 1653792069.790977, "duration": 211.90341091156006}, "current_params": {"N": 100, "iss": 0.22918410167217404, "lr": 0.7673347950256527, "ridge": 0.00016453118117621977, "seed": 1234, "sr": 0.9292550193185131}}