{"returned_dict": {"loss": 0.4878015749611276, "status": "ok", "start_time": 1653782362.480911, "duration": 210.39519691467285}, "current_params": {"N": 100, "iss": 2.41513922166595, "lr": 0.7673347950256527, "ridge": 0.9745184032967746, "seed": 1234, "sr": 0.9292550193185131}}