{"returned_dict": {"loss": 0.48698650749862066, "status": "ok", "start_time": 1653792494.112663, "duration": 212.02173399925232}, "current_params": {"N": 100, "iss": 0.4481722706234861, "lr": 0.7673347950256527, "ridge": 2.530123693225004e-06, "seed": 1234, "sr": 0.9292550193185131}}