{"returned_dict": {"loss": 0.488260520640016, "status": "ok", "start_time": 1653782151.978928, "duration": 210.49809384346008}, "current_params": {"N": 100, "iss": 2.6674055043461142, "lr": 0.7673347950256527, "ridge": 3.789559758006744e-05, "seed": 1234, "sr": 0.9292550193185131}}