{"returned_dict": {"loss": 0.4872498369865076, "status": "ok", "start_time": 1653793130.5043159, "duration": 211.43936920166016}, "current_params": {"N": 100, "iss": 0.40150161836996673, "lr": 0.7673347950256527, "ridge": 7.456579668555165e-05, "seed": 1234, "sr": 0.9292550193185131}}