{"returned_dict": {"loss": 0.48964738927622004, "status": "ok", "start_time": 1653794189.9677591, "duration": 211.87307691574097}, "current_params": {"N": 100, "iss": 0.25799556852232236, "lr": 0.7673347950256527, "ridge": 0.08675253008831628, "seed": 1234, "sr": 0.9292550193185131}}