{"returned_dict": {"loss": 0.48848873952951805, "status": "ok", "start_time": 1653786983.692169, "duration": 207.69612503051758}, "current_params": {"N": 100, "iss": 0.27558568555146057, "lr": 0.7673347950256527, "ridge": 1.9967740440826263e-07, "seed": 1234, "sr": 0.9292550193185131}}