{"returned_dict": {"loss": 0.4895520890806039, "status": "ok", "start_time": 1653782572.8806012, "duration": 209.64047980308533}, "current_params": {"N": 100, "iss": 0.201426420703801, "lr": 0.7673347950256527, "ridge": 0.0027738070516283323, "seed": 1234, "sr": 0.9292550193185131}}