{"returned_dict": {"loss": 0.4863770878266539, "status": "ok", "start_time": 1653789947.641546, "duration": 212.34527897834778}, "current_params": {"N": 100, "iss": 1.027964733909104, "lr": 0.7673347950256527, "ridge": 6.354856952582569e-08, "seed": 1234, "sr": 0.9292550193185131}}