{"returned_dict": {"loss": 0.4899408135627226, "status": "ok", "start_time": 1653784464.1012669, "duration": 210.36400628089905}, "current_params": {"N": 100, "iss": 0.2786904772615734, "lr": 0.7673347950256527, "ridge": 0.2110712370861992, "seed": 1234, "sr": 0.9292550193185131}}