{"returned_dict": {"loss": 0.4864222300245774, "status": "ok", "start_time": 1653795674.648959, "duration": 211.55179500579834}, "current_params": {"N": 100, "iss": 0.7599085703434734, "lr": 0.7673347950256527, "ridge": 0.1683634700007055, "seed": 1234, "sr": 0.9292550193185131}}