{"returned_dict": {"loss": 0.48715202889100667, "status": "ok", "start_time": 1653778371.124885, "duration": 209.31786394119263}, "current_params": {"N": 100, "iss": 1.646259614479311, "lr": 0.7673347950256527, "ridge": 2.5314586529575027e-06, "seed": 1234, "sr": 0.9292550193185131}}