{"returned_dict": {"loss": 0.4861940111350755, "status": "ok", "start_time": 1653797369.208606, "duration": 208.10457015037537}, "current_params": {"N": 100, "iss": 0.8155516889131993, "lr": 0.7673347950256527, "ridge": 0.013558113444701859, "seed": 1234, "sr": 0.9292550193185131}}