{"returned_dict": {"loss": 0.4865325776195014, "status": "ok", "start_time": 1653793341.9476428, "duration": 212.27379035949707}, "current_params": {"N": 100, "iss": 0.8077567195138102, "lr": 0.7673347950256527, "ridge": 0.5432095134971946, "seed": 1234, "sr": 0.9292550193185131}}