{"returned_dict": {"loss": 0.488177759943823, "status": "ok", "start_time": 1653782993.069534, "duration": 210.8515989780426}, "current_params": {"N": 100, "iss": 2.623899057836666, "lr": 0.7673347950256527, "ridge": 0.012956175397834047, "seed": 1234, "sr": 0.9292550193185131}}