{"returned_dict": {"loss": 0.48884486131313637, "status": "ok", "start_time": 1653780680.98183, "duration": 210.13804626464844}, "current_params": {"N": 100, "iss": 2.8845575015493625, "lr": 0.7673347950256527, "ridge": 1.841991001464119e-06, "seed": 1234, "sr": 0.9292550193185131}}