{"returned_dict": {"loss": 0.48715202889100667, "status": "ok", "start_time": 1653780471.480729, "duration": 209.49767303466797}, "current_params": {"N": 100, "iss": 1.6455260799501805, "lr": 0.7673347950256527, "ridge": 0.017729752346457902, "seed": 1234, "sr": 0.9292550193185131}}