{"returned_dict": {"loss": 0.4868059387069268, "status": "ok", "start_time": 1653796522.1771772, "duration": 211.57583570480347}, "current_params": {"N": 100, "iss": 1.43164613072011, "lr": 0.7673347950256527, "ridge": 1.2418297171647213e-07, "seed": 1234, "sr": 0.9292550193185131}}