{"returned_dict": {"loss": 0.48940663088729497, "status": "ok", "start_time": 1653785094.374646, "duration": 210.31261610984802}, "current_params": {"N": 100, "iss": 3.1156922522481745, "lr": 0.7673347950256527, "ridge": 1.533506363131018e-08, "seed": 1234, "sr": 0.9292550193185131}}