{"returned_dict": {"loss": 0.48683854140542715, "status": "ok", "start_time": 1653796945.700416, "duration": 212.5673530101776}, "current_params": {"N": 100, "iss": 0.5133742907102947, "lr": 0.7673347950256527, "ridge": 0.021804540133968545, "seed": 1234, "sr": 0.9292550193185131}}