{"returned_dict": {"loss": 0.4868661283041581, "status": "ok", "start_time": 1653785935.6642401, "duration": 209.77589583396912}, "current_params": {"N": 100, "iss": 1.4894259992600547, "lr": 0.7673347950256527, "ridge": 1.3319251758760566e-05, "seed": 1234, "sr": 0.9292550193185131}}