{"returned_dict": {"loss": 0.4871796157897377, "status": "ok", "start_time": 1653797577.318113, "duration": 387.5379247665405}, "current_params": {"N": 100, "iss": 1.7309152233022054, "lr": 0.7673347950256527, "ridge": 2.9219345193432475e-05, "seed": 1234, "sr": 0.9292550193185131}}