{"returned_dict": {"loss": 0.4864372774238852, "status": "ok", "start_time": 1653785304.6907241, "duration": 210.2561478614807}, "current_params": {"N": 100, "iss": 0.6741375032542688, "lr": 0.7673347950256527, "ridge": 0.06880258904901534, "seed": 1234, "sr": 0.9292550193185131}}