{"returned_dict": {"loss": 0.48962481817725834, "status": "ok", "start_time": 1653779208.8137238, "duration": 212.62796807289124}, "current_params": {"N": 100, "iss": 0.20991729298630907, "lr": 0.7673347950256527, "ridge": 0.010909852577966972, "seed": 1234, "sr": 0.9292550193185131}}