{"returned_dict": {"loss": 0.4882805838390931, "status": "ok", "start_time": 1653792706.139779, "duration": 212.21669507026672}, "current_params": {"N": 100, "iss": 0.2927030268697642, "lr": 0.7673347950256527, "ridge": 0.002382977967146901, "seed": 1234, "sr": 0.9292550193185131}}