{"returned_dict": {"loss": 0.4862817876310378, "status": "ok", "start_time": 1653785514.951447, "duration": 210.09337496757507}, "current_params": {"N": 100, "iss": 0.7729644189759626, "lr": 0.7673347950256527, "ridge": 0.0011257303962310611, "seed": 1234, "sr": 0.9292550193185131}}