{"returned_dict": {"loss": 0.487653608867934, "status": "ok", "start_time": 1653783203.925004, "duration": 209.92022609710693}, "current_params": {"N": 100, "iss": 0.35204504666043024, "lr": 0.7673347950256527, "ridge": 0.008487807143908167, "seed": 1234, "sr": 0.9292550193185131}}