{"returned_dict": {"loss": 0.48671063851131063, "status": "ok", "start_time": 1653790159.9909902, "duration": 212.16545486450195}, "current_params": {"N": 100, "iss": 0.543521075361487, "lr": 0.7673347950256527, "ridge": 2.6856635801031983e-05, "seed": 1234, "sr": 0.9292550193185131}}