{"returned_dict": {"loss": 0.48761849826954906, "status": "ok", "start_time": 1653795040.2722151, "duration": 211.20007181167603}, "current_params": {"N": 100, "iss": 0.351430900126144, "lr": 0.7673347950256527, "ridge": 1.0341658214526482e-05, "seed": 1234, "sr": 0.9292550193185131}}