{"returned_dict": {"loss": 0.4868209861062347, "status": "ok", "start_time": 1653790584.3408089, "duration": 212.0237913131714}, "current_params": {"N": 100, "iss": 0.5224032536456032, "lr": 0.7673347950256527, "ridge": 9.484918475031917e-06, "seed": 1234, "sr": 0.9292550193185131}}