{"returned_dict": {"loss": 0.48734764508200834, "status": "ok", "start_time": 1653789521.968653, "duration": 212.30664610862732}, "current_params": {"N": 100, "iss": 1.9195200952212323, "lr": 0.7673347950256527, "ridge": 0.002380075079117397, "seed": 1234, "sr": 0.9292550193185131}}