{"returned_dict": {"loss": 0.4885740081255957, "status": "ok", "start_time": 1653778789.8690119, "duration": 209.72020816802979}, "current_params": {"N": 100, "iss": 0.26572611251385087, "lr": 0.7673347950256527, "ridge": 1.6991094764866432e-05, "seed": 1234, "sr": 0.9292550193185131}}