{"returned_dict": {"loss": 0.48890755881025233, "status": "ok", "start_time": 1653801454.693865, "duration": 208.19790983200073}, "current_params": {"N": 100, "iss": 2.909430152329569, "lr": 0.7673347950256527, "ridge": 3.255601536517505e-05, "seed": 1234, "sr": 0.9292550193185131}}