{"returned_dict": {"loss": 0.4862015348347294, "status": "ok", "start_time": 1653780051.1496902, "duration": 210.745680809021}, "current_params": {"N": 100, "iss": 0.9143539332489342, "lr": 0.7673347950256527, "ridge": 3.983447904911363e-06, "seed": 1234, "sr": 0.9292550193185131}}