{"returned_dict": {"loss": 0.4896774840748357, "status": "ok", "start_time": 1653783413.84924, "duration": 209.2921998500824}, "current_params": {"N": 100, "iss": 0.2142268307977819, "lr": 0.7673347950256527, "ridge": 0.02281706132757663, "seed": 1234, "sr": 0.9292550193185131}}