{"returned_dict": {"loss": 0.4899784320609921, "status": "ok", "start_time": 1653797964.8613539, "duration": 207.99644923210144}, "current_params": {"N": 100, "iss": 0.1691738678658335, "lr": 0.7673347950256527, "ridge": 7.373130827811778e-07, "seed": 1234, "sr": 0.9292550193185131}}