{"returned_dict": {"loss": 0.48640216682550025, "status": "ok", "start_time": 1653798172.862259, "duration": 206.2763068675995}, "current_params": {"N": 100, "iss": 0.6828085346402677, "lr": 0.7673347950256527, "ridge": 2.0251648785405425e-06, "seed": 1234, "sr": 0.9292550193185131}}