{"returned_dict": {"loss": 0.48614385313738273, "status": "ok", "start_time": 1653780891.123709, "duration": 210.19731092453003}, "current_params": {"N": 100, "iss": 0.8596014347011425, "lr": 0.7673347950256527, "ridge": 3.4624490411062406e-08, "seed": 1234, "sr": 0.9292550193185131}}