{"returned_dict": {"loss": 0.48747304007624015, "status": "ok", "start_time": 1653784254.074194, "duration": 210.0218541622162}, "current_params": {"N": 100, "iss": 2.0381197062208587, "lr": 0.7673347950256527, "ridge": 1.478391828951142e-07, "seed": 1234, "sr": 0.9292550193185131}}