{"returned_dict": {"loss": 0.4875833876711642, "status": "ok", "start_time": 1653784043.621461, "duration": 210.44822311401367}, "current_params": {"N": 100, "iss": 2.2187230873452033, "lr": 0.7673347950256527, "ridge": 0.15726651398693633, "seed": 1234, "sr": 0.9292550193185131}}