{"returned_dict": {"loss": 0.487129457792045, "status": "ok", "start_time": 1653786355.3281012, "duration": 209.64531898498535}, "current_params": {"N": 100, "iss": 0.4206597132300273, "lr": 0.7673347950256527, "ridge": 0.0010570046034798697, "seed": 1234, "sr": 0.9292550193185131}}