{"returned_dict": {"loss": 0.4869890153985053, "status": "ok", "start_time": 1653790372.160782, "duration": 212.17590284347534}, "current_params": {"N": 100, "iss": 1.5368384890115392, "lr": 0.7673347950256527, "ridge": 4.196256925512416e-05, "seed": 1234, "sr": 0.9292550193185131}}