{"returned_dict": {"loss": 0.4869714600993128, "status": "ok", "start_time": 1653795251.476479, "duration": 211.4089388847351}, "current_params": {"N": 100, "iss": 0.449091402517908, "lr": 0.7673347950256527, "ridge": 0.00047980613013560845, "seed": 1234, "sr": 0.9292550193185131}}