{"returned_dict": {"loss": 0.48684104930531175, "status": "ok", "start_time": 1653789308.841086, "duration": 213.1226029396057}, "current_params": {"N": 100, "iss": 0.5094774927056184, "lr": 0.7673347950256527, "ridge": 6.77225136738145e-08, "seed": 1234, "sr": 0.9292550193185131}}