{"returned_dict": {"loss": 0.48636956412700005, "status": "ok", "start_time": 1653791644.5570061, "duration": 211.87335085868835}, "current_params": {"N": 100, "iss": 0.694225508807683, "lr": 0.7673347950256527, "ridge": 0.01030812888145159, "seed": 1234, "sr": 0.9292550193185131}}