{"returned_dict": {"loss": 0.48660029091638657, "status": "ok", "start_time": 1653791432.4411788, "duration": 212.111554145813}, "current_params": {"N": 100, "iss": 1.1686398178028126, "lr": 0.7673347950256527, "ridge": 4.090326350472871e-08, "seed": 1234, "sr": 0.9292550193185131}}