{"returned_dict": {"loss": 0.4862717560314992, "status": "ok", "start_time": 1653793978.007124, "duration": 211.9557330608368}, "current_params": {"N": 100, "iss": 0.7731775922011649, "lr": 0.7673347950256527, "ridge": 1.1737186748519426e-08, "seed": 1234, "sr": 0.9292550193185131}}