{"returned_dict": {"loss": 0.488461152630787, "status": "ok", "start_time": 1653784674.469501, "duration": 209.94450283050537}, "current_params": {"N": 100, "iss": 0.2914597201455151, "lr": 0.7673347950256527, "ridge": 0.03272455927618931, "seed": 1234, "sr": 0.9292550193185131}}