{"returned_dict": {"loss": 0.4904398856397652, "status": "ok", "start_time": 1653799000.536906, "duration": 206.92835402488708}, "current_params": {"N": 100, "iss": 0.14684042586273924, "lr": 0.7673347950256527, "ridge": 5.414874830678721e-06, "seed": 1234, "sr": 0.9292550193185131}}