{"returned_dict": {"loss": 0.4905126147364197, "status": "ok", "start_time": 1653779841.094885, "duration": 210.05051398277283}, "current_params": {"N": 100, "iss": 3.4894874056019187, "lr": 0.7673347950256527, "ridge": 0.0061148700122975325, "seed": 1234, "sr": 0.9292550193185131}}