{"returned_dict": {"loss": 0.4906229623313437, "status": "ok", "start_time": 1653797158.273161, "duration": 210.93054699897766}, "current_params": {"N": 100, "iss": 0.1678932001677138, "lr": 0.7673347950256527, "ridge": 0.02055177642044501, "seed": 1234, "sr": 0.9292550193185131}}