{"returned_dict": {"loss": 0.4908436575211918, "status": "ok", "start_time": 1653780261.8990688, "duration": 209.57795095443726}, "current_params": {"N": 100, "iss": 0.12092628603294148, "lr": 0.7673347950256527, "ridge": 1.895079732101206e-08, "seed": 1234, "sr": 0.9292550193185131}}