{"returned_dict": {"loss": 0.49123238200331043, "status": "ok", "start_time": 1653793766.0671968, "duration": 211.93497323989868}, "current_params": {"N": 100, "iss": 3.6955668337483774, "lr": 0.7673347950256527, "ridge": 4.167431926506208e-07, "seed": 1234, "sr": 0.9292550193185131}}