{"returned_dict": {"loss": 0.49395094547825646, "status": "ok", "start_time": 1653781521.893903, "duration": 210.5142810344696}, "current_params": {"N": 100, "iss": 4.247828113513111, "lr": 0.7673347950256527, "ridge": 0.11432490253281483, "seed": 1234, "sr": 0.9292550193185131}}