{"returned_dict": {"loss": 0.49079851532326824, "status": "ok", "start_time": 1653799207.472407, "duration": 206.25729775428772}, "current_params": {"N": 100, "iss": 0.12201496321823986, "lr": 0.7673347950256527, "ridge": 2.5397326603117006e-08, "seed": 1234, "sr": 0.9292550193185131}}