{"returned_dict": {"loss": 0.4901113507548779, "status": "ok", "start_time": 1653783833.887423, "duration": 209.73006796836853}, "current_params": {"N": 100, "iss": 3.36722318467318, "lr": 0.7673347950256527, "ridge": 9.741803573132131e-08, "seed": 1234, "sr": 0.9292550193185131}}