{"returned_dict": {"loss": 0.4917063750815068, "status": "ok", "start_time": 1653798587.178797, "duration": 206.6584930419922}, "current_params": {"N": 100, "iss": 0.12741474928967936, "lr": 0.7673347950256527, "ridge": 0.025882299674070675, "seed": 1234, "sr": 0.9292550193185131}}