{"returned_dict": {"loss": 0.49530771931584494, "status": "ok", "start_time": 1653799413.734137, "duration": 205.30046391487122}, "current_params": {"N": 100, "iss": 4.480576427566883, "lr": 0.7673347950256527, "ridge": 0.015016827498557588, "seed": 1234, "sr": 0.9292550193185131}}