{"returned_dict": {"loss": 0.49818428048352315, "status": "ok", "start_time": 1653795886.205647, "duration": 212.03275394439697}, "current_params": {"N": 100, "iss": 4.976860160724869, "lr": 0.7673347950256527, "ridge": 0.03492805082916795, "seed": 1234, "sr": 0.9292550193185131}}