{"returned_dict": {"loss": 0.4987460500576817, "status": "ok", "start_time": 1653791856.435544, "duration": 213.35146594047546}, "current_params": {"N": 100, "iss": 5.057850755743541, "lr": 0.7673347950256527, "ridge": 0.0026351735980925145, "seed": 1234, "sr": 0.9292550193185131}}