{"returned_dict": {"loss": 0.49112203440838637, "status": "ok", "start_time": 1653800862.559874, "duration": 592.1294028759003}, "current_params": {"N": 100, "iss": 0.11731217224649855, "lr": 0.7673347950256527, "ridge": 0.003953688525966278, "seed": 1234, "sr": 0.9292550193185131}}