{"returned_dict": {"loss": 0.498467673170487, "status": "ok", "start_time": 1653798379.1441321, "duration": 208.03045988082886}, "current_params": {"N": 100, "iss": 5.01048621558675, "lr": 0.7673347950256527, "ridge": 3.460620148626892e-08, "seed": 1234, "sr": 0.9292550193185131}}