{"returned_dict": {"loss": 0.4905903596328435, "status": "ok", "start_time": 1653778580.4465249, "duration": 209.41822719573975}, "current_params": {"N": 100, "iss": 0.14038543463050257, "lr": 0.7673347950256527, "ridge": 1.4986571784904932e-07, "seed": 1234, "sr": 0.9292550193185131}}