{"returned_dict": {"loss": 0.49643376636404674, "status": "ok", "start_time": 1653800033.991454, "duration": 207.8171751499176}, "current_params": {"N": 100, "iss": 4.6718716344392215, "lr": 0.7673347950256527, "ridge": 3.888795399769536e-05, "seed": 1234, "sr": 0.9292550193185131}}