{"returned_dict": {"loss": 0.4907057230275367, "status": "ok", "start_time": 1653791220.4835148, "duration": 211.95284032821655}, "current_params": {"N": 100, "iss": 0.12924797146643113, "lr": 0.7673347950256527, "ridge": 2.4310987162062613e-08, "seed": 1234, "sr": 0.9292550193185131}}