{"returned_dict": {"loss": 0.4909088629181923, "status": "ok", "start_time": 1653798793.8420422, "duration": 206.69060468673706}, "current_params": {"N": 100, "iss": 0.11510046013886148, "lr": 0.7673347950256527, "ridge": 7.369754574266985e-07, "seed": 1234, "sr": 0.9292550193185131}}