{"returned_dict": {"loss": 0.49115965290665586, "status": "ok", "start_time": 1653799826.9709198, "duration": 207.01565217971802}, "current_params": {"N": 100, "iss": 0.11133403522728465, "lr": 0.7673347950256527, "ridge": 0.001108684518363416, "seed": 1234, "sr": 0.9292550193185131}}