{"returned_dict": {"loss": 0.4974268947183629, "status": "ok", "start_time": 1653793554.2264562, "duration": 211.83536577224731}, "current_params": {"N": 100, "iss": 4.85079153573557, "lr": 0.7673347950256527, "ridge": 0.057063818439938935, "seed": 1234, "sr": 0.9292550193185131}}