{"returned_dict": {"loss": 0.4921101469629332, "status": "ok", "start_time": 1653794401.845728, "duration": 213.33355593681335}, "current_params": {"N": 100, "iss": 0.12903204751332298, "lr": 0.7673347950256527, "ridge": 0.05297372161188402, "seed": 1234, "sr": 0.9292550193185131}}