{"returned_dict": {"loss": 0.49048502783768877, "status": "ok", "start_time": 1653792918.360681, "duration": 212.1387119293213}, "current_params": {"N": 100, "iss": 3.4748871312313647, "lr": 0.7673347950256527, "ridge": 3.68330375169553e-06, "seed": 1234, "sr": 0.9292550193185131}}