{"returned_dict": {"loss": 0.4901464613532628, "status": "ok", "start_time": 1653800450.681113, "duration": 204.51148915290833}, "current_params": {"N": 100, "iss": 0.17022228918802185, "lr": 0.7673347950256527, "ridge": 0.0032436300697124268, "seed": 1234, "sr": 0.9292550193185131}}