{"returned_dict": {"loss": 0.49266439283743796, "status": "ok", "start_time": 1653796310.5734231, "duration": 211.59842467308044}, "current_params": {"N": 100, "iss": 4.009336599336946, "lr": 0.7673347950256527, "ridge": 1.2302267687751628e-08, "seed": 1234, "sr": 0.9292550193185131}}