{"returned_dict": {"loss": 0.4970582334353213, "status": "ok", "start_time": 1653796098.244, "duration": 212.3251509666443}, "current_params": {"N": 100, "iss": 4.789309695620224, "lr": 0.7673347950256527, "ridge": 0.36229707527913785, "seed": 1234, "sr": 0.9292550193185131}}