{"returned_dict": {"loss": 0.4990570296433766, "status": "ok", "start_time": 1653796733.758044, "duration": 211.93788504600525}, "current_params": {"N": 100, "iss": 5.119098575575948, "lr": 0.7673347950256527, "ridge": 2.076034439811686e-05, "seed": 1234, "sr": 0.9292550193185131}}