{"returned_dict": {"loss": 0.49011385865476254, "status": "ok", "start_time": 1653786564.978113, "duration": 210.13610911369324}, "current_params": {"N": 100, "iss": 0.18556335502409568, "lr": 0.7673347950256527, "ridge": 0.018846208294178844, "seed": 1234, "sr": 0.9292550193185131}}