{"returned_dict": {"loss": 0.4989893163464914, "status": "ok", "start_time": 1653790796.36949, "duration": 211.79908919334412}, "current_params": {"N": 100, "iss": 5.103053496657175, "lr": 0.7673347950256527, "ridge": 0.003310373471365745, "seed": 1234, "sr": 0.9292550193185131}}