{"returned_dict": {"loss": 0.49701309123739784, "status": "ok", "start_time": 1653782782.525375, "duration": 210.54040503501892}, "current_params": {"N": 100, "iss": 4.774487400182065, "lr": 0.7673347950256527, "ridge": 2.4489785002895765e-05, "seed": 1234, "sr": 0.9292550193185131}}