{"returned_dict": {"loss": 0.49377790038621655, "status": "ok", "start_time": 1653789734.2792058, "duration": 213.35808730125427}, "current_params": {"N": 100, "iss": 4.217140705506853, "lr": 0.7673347950256527, "ridge": 0.11371557360773218, "seed": 1234, "sr": 0.9292550193185131}}