{"returned_dict": {"loss": 0.4957390780960024, "status": "ok", "start_time": 1653779632.003689, "duration": 209.0876500606537}, "current_params": {"N": 100, "iss": 4.572769019165937, "lr": 0.7673347950256527, "ridge": 3.268096760564519e-08, "seed": 1234, "sr": 0.9292550193185131}}