{"returned_dict": {"loss": 0.49425941716406674, "status": "ok", "start_time": 1653792281.698282, "duration": 212.4097080230713}, "current_params": {"N": 100, "iss": 4.30751123577675, "lr": 0.7673347950256527, "ridge": 0.7594209711471364, "seed": 1234, "sr": 0.9292550193185131}}