{"returned_dict": {"loss": 0.49845011787129456, "status": "ok", "start_time": 1653781941.6301389, "duration": 210.34464621543884}, "current_params": {"N": 100, "iss": 5.0085250794354, "lr": 0.7673347950256527, "ridge": 9.156054963098493e-07, "seed": 1234, "sr": 0.9292550193185131}}