{"returned_dict": {"loss": 0.49020915885037863, "status": "ok", "start_time": 1653778999.593151, "duration": 209.2169897556305}, "current_params": {"N": 100, "iss": 0.15605916948313533, "lr": 0.7673347950256527, "ridge": 0.00010549455324417091, "seed": 1234, "sr": 0.9292550193185131}}