{"returned_dict": {"loss": 0.49013392185383964, "status": "ok", "start_time": 1653781732.4117818, "duration": 209.2142252922058}, "current_params": {"N": 100, "iss": 0.16075486767251332, "lr": 0.7673347950256527, "ridge": 3.977335723011068e-06, "seed": 1234, "sr": 0.9292550193185131}}