{"returned_dict": {"loss": 0.5084792095099564, "status": "ok", "start_time": 1653781101.32623, "duration": 210.61240983009338}, "current_params": {"N": 100, "iss": 6.478333050221688, "lr": 0.7673347950256527, "ridge": 7.239108731016765e-07, "seed": 1234, "sr": 0.9292550193185131}}