{"returned_dict": {"loss": 0.5094046245673873, "status": "ok", "start_time": 1653800655.19738, "duration": 207.35739183425903}, "current_params": {"N": 100, "iss": 6.60556305569119, "lr": 0.7673347950256527, "ridge": 1.3804282501062485e-07, "seed": 1234, "sr": 0.9292550193185131}}