{"returned_dict": {"loss": 0.505113607864774, "status": "ok", "start_time": 1653785725.04973, "duration": 210.60983800888062}, "current_params": {"N": 100, "iss": 6.027023680947387, "lr": 0.7673347950256527, "ridge": 6.10267229343759e-07, "seed": 1234, "sr": 0.9292550193185131}}