{"returned_dict": {"loss": 0.519295781712394, "status": "ok", "start_time": 1653786775.1198232, "duration": 208.56860780715942}, "current_params": {"N": 100, "iss": 8.028242932186693, "lr": 0.7673347950256527, "ridge": 0.01292353468410991, "seed": 1234, "sr": 0.9292550193185131}}