{"returned_dict": {"loss": 0.5191227366203541, "status": "ok", "start_time": 1653794615.183725, "duration": 212.81969785690308}, "current_params": {"N": 100, "iss": 8.010227335946494, "lr": 0.7673347950256527, "ridge": 0.02129555043451986, "seed": 1234, "sr": 0.9292550193185131}}