{"returned_dict": {"loss": 0.529033956964438, "status": "ok", "start_time": 1653781311.942572, "duration": 209.94716882705688}, "current_params": {"N": 100, "iss": 9.450927332508062, "lr": 0.7673347950256527, "ridge": 0.10045715468679244, "seed": 1234, "sr": 0.9292550193185131}}