{"returned_dict": {"loss": 0.5266238651753021, "status": "ok", "start_time": 1653787191.392627, "duration": 2117.444263935089}, "current_params": {"N": 100, "iss": 9.095043983448683, "lr": 0.7673347950256527, "ridge": 1.024774507173233e-06, "seed": 1234, "sr": 0.9292550193185131}}