{"returned_dict": {"loss": 0.5237021618097006, "status": "ok", "start_time": 1653794828.009096, "duration": 212.25885009765625}, "current_params": {"N": 100, "iss": 8.695178753121036, "lr": 0.7673347950256527, "ridge": 0.3624200142532397, "seed": 1234, "sr": 0.9292550193185131}}