{"returned_dict": {"loss": 0.5247529718613633, "status": "ok", "start_time": 1653783623.1454122, "duration": 210.73714089393616}, "current_params": {"N": 100, "iss": 8.83895901372768, "lr": 0.7673347950256527, "ridge": 3.975045671102832e-05, "seed": 1234, "sr": 0.9292550193185131}}