{"returned_dict": {"loss": 0.5317073782414606, "status": "ok", "start_time": 1653779421.445319, "duration": 210.55466318130493}, "current_params": {"N": 100, "iss": 9.862213949016532, "lr": 0.7673347950256527, "ridge": 0.003914071527907915, "seed": 1234, "sr": 0.9292550193185131}}