{"returned_dict": {"loss": 0.5321036264232332, "status": "ok", "start_time": 1653784884.418628, "duration": 209.95156002044678}, "current_params": {"N": 100, "iss": 9.924418004725132, "lr": 0.7673347950256527, "ridge": 0.12423991951262355, "seed": 1234, "sr": 0.9292550193185131}}