{"returned_dict": {"loss": 0.5305361889953353, "status": "ok", "start_time": 1653800241.813195, "duration": 208.86308884620667}, "current_params": {"N": 100, "iss": 9.656454928940898, "lr": 0.7673347950256527, "ridge": 2.6633626241805303e-08, "seed": 1234, "sr": 0.9292550193185131}}