{"returned_dict": {"loss": 0.48626674023172994, "status": "ok", "start_time": 1653770170.736346, "duration": 206.7065041065216}, "current_params": {"N": 100, "iss": 1, "lr": 0.7673347950256527, "ridge": 2.59865843887129e-06, "seed": 1234, "sr": 0.9292550193185131}}