{"returned_dict": {"loss": 0.669019912725084, "status": "ok", "start_time": 1653705821.558937, "duration": 215.64438581466675}, "current_params": {"N": 100, "iss": 0.11731217224649855, "lr": 0.20838507340730156, "ridge": 0.003953688525966278, "seed": 1234, "sr": 2.3864801668707125}}