{"returned_dict": {"loss": 0.6694813663038571, "status": "ok", "start_time": 1653704101.630402, "duration": 216.16924786567688}, "current_params": {"N": 100, "iss": 0.12201496321823986, "lr": 0.20838507340730156, "ridge": 2.5397326603117006e-08, "seed": 1234, "sr": 2.3864801668707125}}