{"returned_dict": {"loss": 0.6692531474143553, "status": "ok", "start_time": 1653686795.2352378, "duration": 209.02171325683594}, "current_params": {"N": 100, "iss": 0.12092628603294148, "lr": 0.20838507340730156, "ridge": 1.895079732101206e-08, "seed": 1234, "sr": 2.3864801668707125}}