{"returned_dict": {"loss": 0.6688644229322365, "status": "ok", "start_time": 1653703669.5468428, "duration": 216.73875212669373}, "current_params": {"N": 100, "iss": 0.11510046013886148, "lr": 0.20838507340730156, "ridge": 7.369754574266985e-07, "seed": 1234, "sr": 2.3864801668707125}}