{"returned_dict": {"loss": 0.6688594071324673, "status": "ok", "start_time": 1653704747.985278, "duration": 215.17304706573486}, "current_params": {"N": 100, "iss": 0.11133403522728465, "lr": 0.20838507340730156, "ridge": 0.001108684518363416, "seed": 1234, "sr": 2.3864801668707125}}