{"returned_dict": {"loss": 0.6741560916888198, "status": "ok", "start_time": 1653688314.181705, "duration": 226.91185784339905}, "current_params": {"N": 100, "iss": 0.16075486767251332, "lr": 0.20838507340730156, "ridge": 3.977335723011068e-06, "seed": 1234, "sr": 2.3864801668707125}}