{"returned_dict": {"loss": 0.6755529919245624, "status": "ok", "start_time": 1653702804.657588, "duration": 216.85938501358032}, "current_params": {"N": 100, "iss": 0.1691738678658335, "lr": 0.20838507340730156, "ridge": 7.373130827811778e-07, "seed": 1234, "sr": 2.3864801668707125}}