{"returned_dict": {"loss": 0.6760395245021819, "status": "ok", "start_time": 1653705392.290855, "duration": 214.58528923988342}, "current_params": {"N": 100, "iss": 0.17022228918802185, "lr": 0.20838507340730156, "ridge": 0.0032436300697124268, "seed": 1234, "sr": 2.3864801668707125}}