{"returned_dict": {"loss": 0.6712068014244872, "status": "ok", "start_time": 1653685117.672557, "duration": 213.0916087627411}, "current_params": {"N": 100, "iss": 0.14038543463050257, "lr": 0.20838507340730156, "ridge": 1.4986571784904932e-07, "seed": 1234, "sr": 2.3864801668707125}}