{"returned_dict": {"loss": 0.6737372724080855, "status": "ok", "start_time": 1653685540.1898649, "duration": 209.4081211090088}, "current_params": {"N": 100, "iss": 0.15605916948313533, "lr": 0.20838507340730156, "ridge": 0.00010549455324417091, "seed": 1234, "sr": 2.3864801668707125}}