{"returned_dict": {"loss": 0.6781311130059688, "status": "ok", "start_time": 1653693354.790584, "duration": 214.45470190048218}, "current_params": {"N": 100, "iss": 0.18556335502409568, "lr": 0.20838507340730156, "ridge": 0.018846208294178844, "seed": 1234, "sr": 2.3864801668707125}}