{"returned_dict": {"loss": 0.6701710387721322, "status": "ok", "start_time": 1653696144.242553, "duration": 213.22606015205383}, "current_params": {"N": 100, "iss": 0.12924797146643113, "lr": 0.20838507340730156, "ridge": 2.4310987162062613e-08, "seed": 1234, "sr": 2.3864801668707125}}