{"returned_dict": {"loss": 0.6720594873852636, "status": "ok", "start_time": 1653703886.291195, "duration": 215.33495998382568}, "current_params": {"N": 100, "iss": 0.14684042586273924, "lr": 0.20838507340730156, "ridge": 5.414874830678721e-06, "seed": 1234, "sr": 2.3864801668707125}}