{"returned_dict": {"loss": 0.6757160054170639, "status": "ok", "start_time": 1653702152.6832361, "duration": 216.00273990631104}, "current_params": {"N": 100, "iss": 0.1678932001677138, "lr": 0.20838507340730156, "ridge": 0.02055177642044501, "seed": 1234, "sr": 2.3864801668707125}}