{"returned_dict": {"loss": 0.6710538195315243, "status": "ok", "start_time": 1653699355.636378, "duration": 214.55340385437012}, "current_params": {"N": 100, "iss": 0.12903204751332298, "lr": 0.20838507340730156, "ridge": 0.05297372161188402, "seed": 1234, "sr": 2.3864801668707125}}