{"returned_dict": {"loss": 0.6706976977479059, "status": "ok", "start_time": 1653703454.0466409, "duration": 215.49632620811462}, "current_params": {"N": 100, "iss": 0.12741474928967936, "lr": 0.20838507340730156, "ridge": 0.025882299674070675, "seed": 1234, "sr": 2.3864801668707125}}