{"returned_dict": {"loss": 0.6787631037768973, "status": "ok", "start_time": 1653692921.298562, "duration": 217.2863428592682}, "current_params": {"N": 100, "iss": 0.18979148647491736, "lr": 0.20838507340730156, "ridge": 9.526845057919662e-05, "seed": 1234, "sr": 2.3864801668707125}}