{"returned_dict": {"loss": 0.683741285047901, "status": "ok", "start_time": 1653697001.911772, "duration": 213.69719004631042}, "current_params": {"N": 100, "iss": 0.22918410167217404, "lr": 0.20838507340730156, "ridge": 0.00016453118117621977, "seed": 1234, "sr": 2.3864801668707125}}