{"returned_dict": {"loss": 0.6871745999899683, "status": "ok", "start_time": 1653685330.7678878, "duration": 209.41761302947998}, "current_params": {"N": 100, "iss": 0.26572611251385087, "lr": 0.20838507340730156, "ridge": 1.6991094764866432e-05, "seed": 1234, "sr": 2.3864801668707125}}