{"returned_dict": {"loss": 0.6883207102372474, "status": "ok", "start_time": 1653691180.8704782, "duration": 223.58499479293823}, "current_params": {"N": 100, "iss": 0.2786904772615734, "lr": 0.20838507340730156, "ridge": 0.2110712370861992, "seed": 1234, "sr": 2.3864801668707125}}