{"returned_dict": {"loss": 0.688985303706676, "status": "ok", "start_time": 1653691404.459234, "duration": 217.10871505737305}, "current_params": {"N": 100, "iss": 0.2914597201455151, "lr": 0.20838507340730156, "ridge": 0.03272455927618931, "seed": 1234, "sr": 2.3864801668707125}}