{"returned_dict": {"loss": 0.6867808597080804, "status": "ok", "start_time": 1653699141.918484, "duration": 213.71358704566956}, "current_params": {"N": 100, "iss": 0.25799556852232236, "lr": 0.20838507340730156, "ridge": 0.08675253008831628, "seed": 1234, "sr": 2.3864801668707125}}