{"returned_dict": {"loss": 0.6820860711240406, "status": "ok", "start_time": 1653690105.013557, "duration": 220.49113297462463}, "current_params": {"N": 100, "iss": 0.2142268307977819, "lr": 0.20838507340730156, "ridge": 0.02281706132757663, "seed": 1234, "sr": 2.3864801668707125}}