{"returned_dict": {"loss": 0.6802954306064102, "status": "ok", "start_time": 1653689214.7282271, "duration": 223.78751182556152}, "current_params": {"N": 100, "iss": 0.201426420703801, "lr": 0.20838507340730156, "ridge": 0.0027738070516283323, "seed": 1234, "sr": 2.3864801668707125}}