{"returned_dict": {"loss": 0.689048001203792, "status": "ok", "start_time": 1653697641.372895, "duration": 215.29318284988403}, "current_params": {"N": 100, "iss": 0.2927030268697642, "lr": 0.20838507340730156, "ridge": 0.002382977967146901, "seed": 1234, "sr": 2.3864801668707125}}