{"returned_dict": {"loss": 0.6879244620554748, "status": "ok", "start_time": 1653693783.8474839, "duration": 214.08671116828918}, "current_params": {"N": 100, "iss": 0.27558568555146057, "lr": 0.20838507340730156, "ridge": 1.9967740440826263e-07, "seed": 1234, "sr": 2.3864801668707125}}