{"returned_dict": {"loss": 0.681531825249536, "status": "ok", "start_time": 1653685749.6030772, "duration": 210.3892798423767}, "current_params": {"N": 100, "iss": 0.20991729298630907, "lr": 0.20838507340730156, "ridge": 0.010909852577966972, "seed": 1234, "sr": 2.3864801668707125}}