{"returned_dict": {"loss": 0.6946907759442243, "status": "ok", "start_time": 1653700207.776661, "duration": 217.1219871044159}, "current_params": {"N": 100, "iss": 0.449091402517908, "lr": 0.20838507340730156, "ridge": 0.00047980613013560845, "seed": 1234, "sr": 2.3864801668707125}}