{"returned_dict": {"loss": 0.6970206149370517, "status": "ok", "start_time": 1653695072.0007129, "duration": 215.04646825790405}, "current_params": {"N": 100, "iss": 0.543521075361487, "lr": 0.20838507340730156, "ridge": 2.6856635801031983e-05, "seed": 1234, "sr": 2.3864801668707125}}