{"returned_dict": {"loss": 0.696473892762201, "status": "ok", "start_time": 1653694213.970165, "duration": 215.0348379611969}, "current_params": {"N": 100, "iss": 0.5094774927056184, "lr": 0.20838507340730156, "ridge": 6.77225136738145e-08, "seed": 1234, "sr": 2.3864801668707125}}