{"returned_dict": {"loss": 0.6947058233435321, "status": "ok", "start_time": 1653697427.868278, "duration": 213.50059485435486}, "current_params": {"N": 100, "iss": 0.4481722706234861, "lr": 0.20838507340730156, "ridge": 2.530123693225004e-06, "seed": 1234, "sr": 2.3864801668707125}}