{"returned_dict": {"loss": 0.6994231830265335, "status": "ok", "start_time": 1653703021.52085, "duration": 216.51613402366638}, "current_params": {"N": 100, "iss": 0.6828085346402677, "lr": 0.20838507340730156, "ridge": 2.0251648785405425e-06, "seed": 1234, "sr": 2.3864801668707125}}