{"returned_dict": {"loss": 0.6939358980789487, "status": "ok", "start_time": 1653693138.588794, "duration": 216.19783306121826}, "current_params": {"N": 100, "iss": 0.4206597132300273, "lr": 0.20838507340730156, "ridge": 0.0010570046034798697, "seed": 1234, "sr": 2.3864801668707125}}