{"returned_dict": {"loss": 0.6992651853338014, "status": "ok", "start_time": 1653692059.792604, "duration": 215.97937512397766}, "current_params": {"N": 100, "iss": 0.6741375032542688, "lr": 0.20838507340730156, "ridge": 0.06880258904901534, "seed": 1234, "sr": 2.3864801668707125}}