{"returned_dict": {"loss": 0.6919070070722777, "status": "ok", "start_time": 1653689888.939865, "duration": 216.06807494163513}, "current_params": {"N": 100, "iss": 0.35204504666043024, "lr": 0.20838507340730156, "ridge": 0.008487807143908167, "seed": 1234, "sr": 2.3864801668707125}}