{"returned_dict": {"loss": 0.6935898078948688, "status": "ok", "start_time": 1653698071.240012, "duration": 214.85811805725098}, "current_params": {"N": 100, "iss": 0.40150161836996673, "lr": 0.20838507340730156, "ridge": 7.456579668555165e-05, "seed": 1234, "sr": 2.3864801668707125}}