{"returned_dict": {"loss": 0.6918919596729699, "status": "ok", "start_time": 1653699994.524447, "duration": 213.24782800674438}, "current_params": {"N": 100, "iss": 0.351430900126144, "lr": 0.20838507340730156, "ridge": 1.0341658214526482e-05, "seed": 1234, "sr": 2.3864801668707125}}