{"returned_dict": {"loss": 0.6964538295631237, "status": "ok", "start_time": 1653701938.071002, "duration": 214.60760593414307}, "current_params": {"N": 100, "iss": 0.5133742907102947, "lr": 0.20838507340730156, "ridge": 0.021804540133968545, "seed": 1234, "sr": 2.3864801668707125}}