{"returned_dict": {"loss": 0.6996162913176507, "status": "ok", "start_time": 1653696572.428521, "duration": 214.5900821685791}, "current_params": {"N": 100, "iss": 0.694225508807683, "lr": 0.20838507340730156, "ridge": 0.01030812888145159, "seed": 1234, "sr": 2.3864801668707125}}