{"returned_dict": {"loss": 0.6966193509555099, "status": "ok", "start_time": 1653695501.8486989, "duration": 216.4487452507019}, "current_params": {"N": 100, "iss": 0.5224032536456032, "lr": 0.20838507340730156, "ridge": 9.484918475031917e-06, "seed": 1234, "sr": 2.3864801668707125}}