{"returned_dict": {"loss": 0.7088829813913828, "status": "ok", "start_time": 1653689658.81824, "duration": 230.11756110191345}, "current_params": {"N": 100, "iss": 2.623899057836666, "lr": 0.20838507340730156, "ridge": 0.012956175397834047, "seed": 1234, "sr": 2.3864801668707125}}