{"returned_dict": {"loss": 0.705645282640317, "status": "ok", "start_time": 1653701503.293706, "duration": 217.37303805351257}, "current_params": {"N": 100, "iss": 1.43164613072011, "lr": 0.20838507340730156, "ridge": 1.2418297171647213e-07, "seed": 1234, "sr": 2.3864801668707125}}