{"returned_dict": {"loss": 0.7006319907709285, "status": "ok", "start_time": 1653692275.77565, "duration": 215.56350994110107}, "current_params": {"N": 100, "iss": 0.7729644189759626, "lr": 0.20838507340730156, "ridge": 0.0011257303962310611, "seed": 1234, "sr": 2.3864801668707125}}