{"returned_dict": {"loss": 0.7086296835030346, "status": "ok", "start_time": 1653688989.194768, "duration": 225.5287311077118}, "current_params": {"N": 100, "iss": 2.41513922166595, "lr": 0.20838507340730156, "ridge": 0.9745184032967746, "seed": 1234, "sr": 2.3864801668707125}}