{"returned_dict": {"loss": 0.7079901690324523, "status": "ok", "start_time": 1653690754.087656, "duration": 211.8686580657959}, "current_params": {"N": 100, "iss": 2.2187230873452033, "lr": 0.20838507340730156, "ridge": 0.15726651398693633, "seed": 1234, "sr": 2.3864801668707125}}