{"returned_dict": {"loss": 0.7015774690274365, "status": "ok", "start_time": 1653687422.041166, "duration": 220.2095718383789}, "current_params": {"N": 100, "iss": 0.8596014347011425, "lr": 0.20838507340730156, "ridge": 3.4624490411062406e-08, "seed": 1234, "sr": 2.3864801668707125}}