{"returned_dict": {"loss": 0.7010809048502784, "status": "ok", "start_time": 1653702368.6900322, "duration": 218.49069166183472}, "current_params": {"N": 100, "iss": 0.8155516889131993, "lr": 0.20838507340730156, "ridge": 0.013558113444701859, "seed": 1234, "sr": 2.3864801668707125}}