{"returned_dict": {"loss": 0.705921151627627, "status": "ok", "start_time": 1653692706.5401778, "duration": 214.7533540725708}, "current_params": {"N": 100, "iss": 1.4894259992600547, "lr": 0.20838507340730156, "ridge": 1.3319251758760566e-05, "seed": 1234, "sr": 2.3864801668707125}}