{"returned_dict": {"loss": 0.707260370166023, "status": "ok", "start_time": 1653700424.903027, "duration": 216.86798095703125}, "current_params": {"N": 100, "iss": 1.9322824255636537, "lr": 0.20838507340730156, "ridge": 0.5135342109016375, "seed": 1234, "sr": 2.3864801668707125}}