{"returned_dict": {"loss": 0.7039900687164569, "status": "ok", "start_time": 1653696357.472199, "duration": 214.95169711112976}, "current_params": {"N": 100, "iss": 1.1686398178028126, "lr": 0.20838507340730156, "ridge": 4.090326350472871e-08, "seed": 1234, "sr": 2.3864801668707125}}