{"returned_dict": {"loss": 0.7067061242915182, "status": "ok", "start_time": 1653684681.968506, "duration": 224.13199281692505}, "current_params": {"N": 100, "iss": 1.7387534125014403, "lr": 0.20838507340730156, "ridge": 0.032303030028539265, "seed": 1234, "sr": 2.3864801668707125}}