{"returned_dict": {"loss": 0.7097331594522747, "status": "ok", "start_time": 1653691842.7348962, "duration": 217.05383777618408}, "current_params": {"N": 100, "iss": 3.1156922522481745, "lr": 0.20838507340730156, "ridge": 1.533506363131018e-08, "seed": 1234, "sr": 2.3864801668707125}}