{"returned_dict": {"loss": 0.7031524301549882, "status": "ok", "start_time": 1653694858.447243, "duration": 213.54969191551208}, "current_params": {"N": 100, "iss": 1.027964733909104, "lr": 0.20838507340730156, "ridge": 6.354856952582569e-08, "seed": 1234, "sr": 2.3864801668707125}}