{"returned_dict": {"loss": 0.7006294828710438, "status": "ok", "start_time": 1653698926.073371, "duration": 215.84127926826477}, "current_params": {"N": 100, "iss": 0.7731775922011649, "lr": 0.20838507340730156, "ridge": 1.1737186748519426e-08, "seed": 1234, "sr": 2.3864801668707125}}