{"returned_dict": {"loss": 0.7072051963685608, "status": "ok", "start_time": 1653694429.008685, "duration": 214.8408489227295}, "current_params": {"N": 100, "iss": 1.9195200952212323, "lr": 0.20838507340730156, "ridge": 0.002380075079117397, "seed": 1234, "sr": 2.3864801668707125}}