{"returned_dict": {"loss": 0.7075688418518332, "status": "ok", "start_time": 1653690965.959818, "duration": 214.90575218200684}, "current_params": {"N": 100, "iss": 2.0381197062208587, "lr": 0.20838507340730156, "ridge": 1.478391828951142e-07, "seed": 1234, "sr": 2.3864801668707125}}