{"returned_dict": {"loss": 0.7092842453729247, "status": "ok", "start_time": 1653687213.4694731, "duration": 208.56805396080017}, "current_params": {"N": 100, "iss": 2.8845575015493625, "lr": 0.20838507340730156, "ridge": 1.841991001464119e-06, "seed": 1234, "sr": 2.3864801668707125}}