{"returned_dict": {"loss": 0.7005241510758891, "status": "ok", "start_time": 1653700641.776001, "duration": 215.6342339515686}, "current_params": {"N": 100, "iss": 0.7599085703434734, "lr": 0.20838507340730156, "ridge": 0.1683634700007055, "seed": 1234, "sr": 2.3864801668707125}}