{"returned_dict": {"loss": 0.7080453428299143, "status": "ok", "start_time": 1653695930.898494, "duration": 213.34002995491028}, "current_params": {"N": 100, "iss": 2.2683728828956404, "lr": 0.20838507340730156, "ridge": 3.447195509491677e-05, "seed": 1234, "sr": 2.3864801668707125}}