{"returned_dict": {"loss": 0.7089757736871144, "status": "ok", "start_time": 1653688761.06033, "duration": 228.13041806221008}, "current_params": {"N": 100, "iss": 2.6674055043461142, "lr": 0.20838507340730156, "ridge": 3.789559758006744e-05, "seed": 1234, "sr": 2.3864801668707125}}