{"returned_dict": {"loss": 0.7021266991021718, "status": "ok", "start_time": 1653686585.522507, "duration": 209.70885610580444}, "current_params": {"N": 100, "iss": 0.9143539332489342, "lr": 0.20838507340730156, "ridge": 3.983447904911363e-06, "seed": 1234, "sr": 2.3864801668707125}}