{"returned_dict": {"loss": 0.7065406028991322, "status": "ok", "start_time": 1653684906.106621, "duration": 211.55997395515442}, "current_params": {"N": 100, "iss": 1.646259614479311, "lr": 0.20838507340730156, "ridge": 2.5314586529575027e-06, "seed": 1234, "sr": 2.3864801668707125}}