{"returned_dict": {"loss": 0.7010658574509706, "status": "ok", "start_time": 1653698286.102122, "duration": 213.2846429347992}, "current_params": {"N": 100, "iss": 0.8077567195138102, "lr": 0.20838507340730156, "ridge": 0.5432095134971946, "seed": 1234, "sr": 2.3864801668707125}}