{"returned_dict": {"loss": 0.7065355870993629, "status": "ok", "start_time": 1653687004.260414, "duration": 209.20562720298767}, "current_params": {"N": 100, "iss": 1.6455260799501805, "lr": 0.20838507340730156, "ridge": 0.017729752346457902, "seed": 1234, "sr": 2.3864801668707125}}