{"returned_dict": {"loss": 0.7067111400912875, "status": "ok", "start_time": 1653702587.185138, "duration": 217.4679720401764}, "current_params": {"N": 100, "iss": 1.7309152233022054, "lr": 0.20838507340730156, "ridge": 2.9219345193432475e-05, "seed": 1234, "sr": 2.3864801668707125}}