{"returned_dict": {"loss": 0.7031072879570647, "status": "ok", "start_time": 1653704532.607606, "duration": 215.37245106697083}, "current_params": {"N": 100, "iss": 1.0137413181718307, "lr": 0.20838507340730156, "ridge": 9.43604896565303e-06, "seed": 1234, "sr": 2.3864801668707125}}