{"returned_dict": {"loss": 0.7061343231178212, "status": "ok", "start_time": 1653695287.050933, "duration": 214.79307222366333}, "current_params": {"N": 100, "iss": 1.5368384890115392, "lr": 0.20838507340730156, "ridge": 4.196256925512416e-05, "seed": 1234, "sr": 2.3864801668707125}}