{"returned_dict": {"loss": 0.7093344033706174, "status": "ok", "start_time": 1653706037.209024, "duration": 215.0913941860199}, "current_params": {"N": 100, "iss": 2.909430152329569, "lr": 0.20838507340730156, "ridge": 3.255601536517505e-05, "seed": 1234, "sr": 2.3864801668707125}}