{"returned_dict": {"loss": 0.7113081205798265, "status": "ok", "start_time": 1653703238.042015, "duration": 215.99977493286133}, "current_params": {"N": 100, "iss": 5.01048621558675, "lr": 0.20838507340730156, "ridge": 3.460620148626892e-08, "seed": 1234, "sr": 2.3864801668707125}}