{"returned_dict": {"loss": 0.7109570145959774, "status": "ok", "start_time": 1653688085.959032, "duration": 228.21901392936707}, "current_params": {"N": 100, "iss": 4.247828113513111, "lr": 0.20838507340730156, "ridge": 0.11432490253281483, "seed": 1234, "sr": 2.3864801668707125}}