{"returned_dict": {"loss": 0.7110849174900938, "status": "ok", "start_time": 1653697215.613727, "duration": 212.2504758834839}, "current_params": {"N": 100, "iss": 4.30751123577675, "lr": 0.20838507340730156, "ridge": 0.7594209711471364, "seed": 1234, "sr": 2.3864801668707125}}