{"returned_dict": {"loss": 0.7111852334854792, "status": "ok", "start_time": 1653686167.547372, "duration": 208.67411613464355}, "current_params": {"N": 100, "iss": 4.572769019165937, "lr": 0.20838507340730156, "ridge": 3.268096760564519e-08, "seed": 1234, "sr": 2.3864801668707125}}