{"returned_dict": {"loss": 0.7108341275016301, "status": "ok", "start_time": 1653701286.283552, "duration": 217.00607800483704}, "current_params": {"N": 100, "iss": 4.009336599336946, "lr": 0.20838507340730156, "ridge": 1.2302267687751628e-08, "seed": 1234, "sr": 2.3864801668707125}}