{"returned_dict": {"loss": 0.7100792496363544, "status": "ok", "start_time": 1653690536.4807339, "duration": 217.6014530658722}, "current_params": {"N": 100, "iss": 3.36722318467318, "lr": 0.20838507340730156, "ridge": 9.741803573132131e-08, "seed": 1234, "sr": 2.3864801668707125}}