{"returned_dict": {"loss": 0.7101971209309325, "status": "ok", "start_time": 1653686376.225008, "duration": 209.29404878616333}, "current_params": {"N": 100, "iss": 3.4894874056019187, "lr": 0.20838507340730156, "ridge": 0.0061148700122975325, "seed": 1234, "sr": 2.3864801668707125}}