{"returned_dict": {"loss": 0.7125344836234138, "status": "ok", "start_time": 1653699782.4782279, "duration": 212.04247212409973}, "current_params": {"N": 100, "iss": 8.695178753121036, "lr": 0.20838507340730156, "ridge": 0.3624200142532397, "seed": 1234, "sr": 2.3864801668707125}}