{"returned_dict": {"loss": 0.712913176505994, "status": "ok", "start_time": 1653691621.5714922, "duration": 221.15921568870544}, "current_params": {"N": 100, "iss": 9.924418004725132, "lr": 0.20838507340730156, "ridge": 0.12423991951262355, "seed": 1234, "sr": 2.3864801668707125}}