{"returned_dict": {"loss": 0.7113281837789035, "status": "ok", "start_time": 1653689438.519834, "duration": 220.2932379245758}, "current_params": {"N": 100, "iss": 4.774487400182065, "lr": 0.20838507340730156, "ridge": 2.4489785002895765e-05, "seed": 1234, "sr": 2.3864801668707125}}