{"returned_dict": {"loss": 0.7129232081055324, "status": "ok", "start_time": 1653685959.9957461, "duration": 207.54816102981567}, "current_params": {"N": 100, "iss": 9.862213949016532, "lr": 0.20838507340730156, "ridge": 0.003914071527907915, "seed": 1234, "sr": 2.3864801668707125}}