{"returned_dict": {"loss": 0.7101595024326628, "status": "ok", "start_time": 1653697856.6710541, "duration": 214.56379079818726}, "current_params": {"N": 100, "iss": 3.4748871312313647, "lr": 0.20838507340730156, "ridge": 3.68330375169553e-06, "seed": 1234, "sr": 2.3864801668707125}}