{"returned_dict": {"loss": 0.7126849576164919, "status": "ok", "start_time": 1653693997.938088, "duration": 216.02728009223938}, "current_params": {"N": 100, "iss": 9.095043983448683, "lr": 0.20838507340730156, "ridge": 1.024774507173233e-06, "seed": 1234, "sr": 2.3864801668707125}}