{"returned_dict": {"loss": 0.7123890254301048, "status": "ok", "start_time": 1653693569.249165, "duration": 214.5946328639984}, "current_params": {"N": 100, "iss": 8.028242932186693, "lr": 0.20838507340730156, "ridge": 0.01292353468410991, "seed": 1234, "sr": 2.3864801668707125}}