{"returned_dict": {"loss": 0.712373978030797, "status": "ok", "start_time": 1653699570.193443, "duration": 212.2809979915619}, "current_params": {"N": 100, "iss": 8.010227335946494, "lr": 0.20838507340730156, "ridge": 0.02129555043451986, "seed": 1234, "sr": 2.3864801668707125}}