{"returned_dict": {"loss": 0.7113131363795958, "status": "ok", "start_time": 1653700857.41408, "duration": 213.70003199577332}, "current_params": {"N": 100, "iss": 4.976860160724869, "lr": 0.20838507340730156, "ridge": 0.03492805082916795, "seed": 1234, "sr": 2.3864801668707125}}