{"returned_dict": {"loss": 0.7113984049756734, "status": "ok", "start_time": 1653701720.670861, "duration": 217.3953080177307}, "current_params": {"N": 100, "iss": 5.119098575575948, "lr": 0.20838507340730156, "ridge": 2.076034439811686e-05, "seed": 1234, "sr": 2.3864801668707125}}