{"returned_dict": {"loss": 0.7119977930481015, "status": "ok", "start_time": 1653705606.880668, "duration": 214.67399311065674}, "current_params": {"N": 100, "iss": 6.60556305569119, "lr": 0.20838507340730156, "ridge": 1.3804282501062485e-07, "seed": 1234, "sr": 2.3864801668707125}}