{"returned_dict": {"loss": 0.7112905652806341, "status": "ok", "start_time": 1653698499.3930821, "duration": 213.15545177459717}, "current_params": {"N": 100, "iss": 4.85079153573557, "lr": 0.20838507340730156, "ridge": 0.057063818439938935, "seed": 1234, "sr": 2.3864801668707125}}