{"returned_dict": {"loss": 0.7127652104128004, "status": "ok", "start_time": 1653687867.936119, "duration": 218.01932287216187}, "current_params": {"N": 100, "iss": 9.450927332508062, "lr": 0.20838507340730156, "ridge": 0.10045715468679244, "seed": 1234, "sr": 2.3864801668707125}}