{"returned_dict": {"loss": 0.7128630185083011, "status": "ok", "start_time": 1653705178.227991, "duration": 214.05742573738098}, "current_params": {"N": 100, "iss": 9.656454928940898, "lr": 0.20838507340730156, "ridge": 2.6633626241805303e-08, "seed": 1234, "sr": 2.3864801668707125}}