{"returned_dict": {"loss": 0.710483021517781, "status": "ok", "start_time": 1653698712.553445, "duration": 213.51583075523376}, "current_params": {"N": 100, "iss": 3.6955668337483774, "lr": 0.20838507340730156, "ridge": 4.167431926506208e-07, "seed": 1234, "sr": 2.3864801668707125}}