{"returned_dict": {"loss": 0.7109620303957466, "status": "ok", "start_time": 1653694643.854224, "duration": 214.58884119987488}, "current_params": {"N": 100, "iss": 4.217140705506853, "lr": 0.20838507340730156, "ridge": 0.11371557360773218, "seed": 1234, "sr": 2.3864801668707125}}