{"returned_dict": {"loss": 0.7110824095902092, "status": "ok", "start_time": 1653704317.804503, "duration": 214.79871106147766}, "current_params": {"N": 100, "iss": 4.480576427566883, "lr": 0.20838507340730156, "ridge": 0.015016827498557588, "seed": 1234, "sr": 2.3864801668707125}}