{"returned_dict": {"loss": 0.7112780257812108, "status": "ok", "start_time": 1653704963.162539, "duration": 215.06111001968384}, "current_params": {"N": 100, "iss": 4.6718716344392215, "lr": 0.20838507340730156, "ridge": 3.888795399769536e-05, "seed": 1234, "sr": 2.3864801668707125}}