{"returned_dict": {"loss": 0.7125971811205296, "status": "ok", "start_time": 1653690325.509197, "duration": 210.96615886688232}, "current_params": {"N": 100, "iss": 8.83895901372768, "lr": 0.20838507340730156, "ridge": 3.975045671102832e-05, "seed": 1234, "sr": 2.3864801668707125}}