{"returned_dict": {"loss": 0.7113783417765963, "status": "ok", "start_time": 1653696787.0222678, "duration": 214.88491415977478}, "current_params": {"N": 100, "iss": 5.057850755743541, "lr": 0.20838507340730156, "ridge": 0.0026351735980925145, "seed": 1234, "sr": 2.3864801668707125}}