{"returned_dict": {"loss": 0.7113156442794804, "status": "ok", "start_time": 1653688541.097861, "duration": 219.95916199684143}, "current_params": {"N": 100, "iss": 5.0085250794354, "lr": 0.20838507340730156, "ridge": 9.156054963098493e-07, "seed": 1234, "sr": 2.3864801668707125}}