{"returned_dict": {"loss": 0.711345739078096, "status": "ok", "start_time": 1653701071.117814, "duration": 215.16164088249207}, "current_params": {"N": 100, "iss": 4.789309695620224, "lr": 0.20838507340730156, "ridge": 0.36229707527913785, "seed": 1234, "sr": 2.3864801668707125}}