{"returned_dict": {"loss": 0.7114084365752119, "status": "ok", "start_time": 1653695718.301502, "duration": 212.59268188476562}, "current_params": {"N": 100, "iss": 5.103053496657175, "lr": 0.20838507340730156, "ridge": 0.003310373471365745, "seed": 1234, "sr": 2.3864801668707125}}