{"returned_dict": {"loss": 0.7118071926568692, "status": "ok", "start_time": 1653692491.343157, "duration": 215.1934299468994}, "current_params": {"N": 100, "iss": 6.027023680947387, "lr": 0.20838507340730156, "ridge": 6.10267229343759e-07, "seed": 1234, "sr": 2.3864801668707125}}