{"returned_dict": {"loss": 0.7119676982494859, "status": "ok", "start_time": 1653687642.254627, "duration": 225.6776900291443}, "current_params": {"N": 100, "iss": 6.478333050221688, "lr": 0.20838507340730156, "ridge": 7.239108731016765e-07, "seed": 1234, "sr": 2.3864801668707125}}