{"returned_dict": {"loss": 0.309261674273963, "status": "ok", "start_time": 1653750489.466708, "duration": 204.6556339263916}, "current_params": {"N": 100, "iss": 0.1678932001677138, "lr": 0.1287576900364984, "ridge": 0.02055177642044501, "seed": 1234, "sr": 0.5670841972687884}}