{"returned_dict": {"loss": 0.30645282640316995, "status": "ok", "start_time": 1653743375.89414, "duration": 218.49177312850952}, "current_params": {"N": 100, "iss": 1.5368384890115392, "lr": 0.1287576900364984, "ridge": 4.196256925512416e-05, "seed": 1234, "sr": 0.5670841972687884}}