{"returned_dict": {"loss": 0.3091463108792697, "status": "ok", "start_time": 1653751946.158665, "duration": 204.65875816345215}, "current_params": {"N": 100, "iss": 0.11510046013886148, "lr": 0.1287576900364984, "ridge": 7.369754574266985e-07, "seed": 1234, "sr": 0.5670841972687884}}