{"returned_dict": {"loss": 0.30877514169634346, "status": "ok", "start_time": 1653752150.822409, "duration": 211.69858312606812}, "current_params": {"N": 100, "iss": 0.14684042586273924, "lr": 0.1287576900364984, "ridge": 5.414874830678721e-06, "seed": 1234, "sr": 0.5670841972687884}}