{"returned_dict": {"loss": 0.3063575262075538, "status": "ok", "start_time": 1653740609.505387, "duration": 217.03078699111938}, "current_params": {"N": 100, "iss": 1.4894259992600547, "lr": 0.1287576900364984, "ridge": 1.3319251758760566e-05, "seed": 1234, "sr": 0.5670841972687884}}