{"returned_dict": {"loss": 0.30924411897477055, "status": "ok", "start_time": 1653734378.3724532, "duration": 221.90484881401062}, "current_params": {"N": 100, "iss": 3.4894874056019187, "lr": 0.1287576900364984, "ridge": 0.0061148700122975325, "seed": 1234, "sr": 0.5670841972687884}}