{"returned_dict": {"loss": 0.309289261172694, "status": "ok", "start_time": 1653754033.862415, "duration": 202.6699299812317}, "current_params": {"N": 100, "iss": 0.11731217224649855, "lr": 0.1287576900364984, "ridge": 0.003953688525966278, "seed": 1234, "sr": 0.5670841972687884}}