{"returned_dict": {"loss": 0.3087224757987661, "status": "ok", "start_time": 1653738079.942265, "duration": 204.1909818649292}, "current_params": {"N": 100, "iss": 0.2142268307977819, "lr": 0.1287576900364984, "ridge": 0.02281706132757663, "seed": 1234, "sr": 0.5670841972687884}}