{"returned_dict": {"loss": 0.306204544314591, "status": "ok", "start_time": 1653748575.459805, "duration": 202.73747181892395}, "current_params": {"N": 100, "iss": 0.7599085703434734, "lr": 0.1287576900364984, "ridge": 0.1683634700007055, "seed": 1234, "sr": 0.5670841972687884}}