{"returned_dict": {"loss": 0.3062847971108994, "status": "ok", "start_time": 1653749387.772851, "duration": 691.3572521209717}, "current_params": {"N": 100, "iss": 1.43164613072011, "lr": 0.1287576900364984, "ridge": 1.2418297171647213e-07, "seed": 1234, "sr": 0.5670841972687884}}