{"returned_dict": {"loss": 0.30564779054020164, "status": "ok", "start_time": 1653734600.282499, "duration": 225.33375096321106}, "current_params": {"N": 100, "iss": 0.9143539332489342, "lr": 0.1287576900364984, "ridge": 3.983447904911363e-06, "seed": 1234, "sr": 0.5670841972687884}}