{"returned_dict": {"loss": 0.3058459146310879, "status": "ok", "start_time": 1653740166.209373, "duration": 224.8574938774109}, "current_params": {"N": 100, "iss": 0.7729644189759626, "lr": 0.1287576900364984, "ridge": 0.0011257303962310611, "seed": 1234, "sr": 0.5670841972687884}}