{"returned_dict": {"loss": 0.3056628379395095, "status": "ok", "start_time": 1653742937.997314, "duration": 217.22958302497864}, "current_params": {"N": 100, "iss": 1.027964733909104, "lr": 0.1287576900364984, "ridge": 6.354856952582569e-08, "seed": 1234, "sr": 0.5670841972687884}}