{"returned_dict": {"loss": 0.30708732507398306, "status": "ok", "start_time": 1653748373.3309069, "duration": 202.12522411346436}, "current_params": {"N": 100, "iss": 1.9322824255636537, "lr": 0.1287576900364984, "ridge": 0.5135342109016375, "seed": 1234, "sr": 0.5670841972687884}}