{"returned_dict": {"loss": 0.3058559462306265, "status": "ok", "start_time": 1653751313.696249, "duration": 219.24259686470032}, "current_params": {"N": 100, "iss": 0.6828085346402677, "lr": 0.1287576900364984, "ridge": 2.0251648785405425e-06, "seed": 1234, "sr": 0.5670841972687884}}