{"returned_dict": {"loss": 0.3077243316446807, "status": "ok", "start_time": 1653737045.415133, "duration": 206.93296599388123}, "current_params": {"N": 100, "iss": 2.41513922166595, "lr": 0.1287576900364984, "ridge": 0.9745184032967746, "seed": 1234, "sr": 0.5670841972687884}}