{"returned_dict": {"loss": 0.30659828459647887, "status": "ok", "start_time": 1653746095.023006, "duration": 202.9903438091278}, "current_params": {"N": 100, "iss": 0.40150161836996673, "lr": 0.1287576900364984, "ridge": 7.456579668555165e-05, "seed": 1234, "sr": 0.5670841972687884}}