{"returned_dict": {"loss": 0.30854190700707224, "status": "ok", "start_time": 1653751105.336745, "duration": 208.3531849384308}, "current_params": {"N": 100, "iss": 0.1691738678658335, "lr": 0.1287576900364984, "ridge": 7.373130827811778e-07, "seed": 1234, "sr": 0.5670841972687884}}