{"returned_dict": {"loss": 0.30907859758238454, "status": "ok", "start_time": 1653752362.5300548, "duration": 209.8253083229065}, "current_params": {"N": 100, "iss": 0.12201496321823986, "lr": 0.1287576900364984, "ridge": 2.5397326603117006e-08, "seed": 1234, "sr": 0.5670841972687884}}