{"returned_dict": {"loss": 0.3067738375884035, "status": "ok", "start_time": 1653732583.963684, "duration": 226.61651301383972}, "current_params": {"N": 100, "iss": 1.7387534125014403, "lr": 0.1287576900364984, "ridge": 0.032303030028539265, "seed": 1234, "sr": 0.5670841972687884}}