{"returned_dict": {"loss": 0.3070446907759442, "status": "ok", "start_time": 1653737871.9629629, "duration": 207.97460913658142}, "current_params": {"N": 100, "iss": 0.35204504666043024, "lr": 0.1287576900364984, "ridge": 0.008487807143908167, "seed": 1234, "sr": 0.5670841972687884}}