{"returned_dict": {"loss": 0.30675126648944173, "status": "ok", "start_time": 1653746298.0181692, "duration": 206.73452591896057}, "current_params": {"N": 100, "iss": 0.8077567195138102, "lr": 0.1287576900364984, "ridge": 0.5432095134971946, "seed": 1234, "sr": 0.5670841972687884}}