{"returned_dict": {"loss": 0.30748106535587094, "status": "ok", "start_time": 1653745679.113064, "duration": 208.2007188796997}, "current_params": {"N": 100, "iss": 0.2927030268697642, "lr": 0.1287576900364984, "ridge": 0.002382977967146901, "seed": 1234, "sr": 0.5670841972687884}}