{"returned_dict": {"loss": 0.3087149520991122, "status": "ok", "start_time": 1653733488.836141, "duration": 220.24707794189453}, "current_params": {"N": 100, "iss": 0.15605916948313533, "lr": 0.1287576900364984, "ridge": 0.00010549455324417091, "seed": 1234, "sr": 0.5670841972687884}}