{"returned_dict": {"loss": 0.30572804333651005, "status": "ok", "start_time": 1653735509.938506, "duration": 228.89855694770813}, "current_params": {"N": 100, "iss": 0.8596014347011425, "lr": 0.1287576900364984, "ridge": 3.4624490411062406e-08, "seed": 1234, "sr": 0.5670841972687884}}