{"returned_dict": {"loss": 0.30848422530972563, "status": "ok", "start_time": 1653733709.0876842, "duration": 226.97846293449402}, "current_params": {"N": 100, "iss": 0.20991729298630907, "lr": 0.1287576900364984, "ridge": 0.010909852577966972, "seed": 1234, "sr": 0.5670841972687884}}