{"returned_dict": {"loss": 0.30959773285850434, "status": "ok", "start_time": 1653746708.9295099, "duration": 206.6458432674408}, "current_params": {"N": 100, "iss": 3.6955668337483774, "lr": 0.1287576900364984, "ridge": 4.167431926506208e-07, "seed": 1234, "sr": 0.5670841972687884}}