{"returned_dict": {"loss": 0.30823594322114667, "status": "ok", "start_time": 1653735286.801514, "duration": 223.13251113891602}, "current_params": {"N": 100, "iss": 2.8845575015493625, "lr": 0.1287576900364984, "ridge": 1.841991001464119e-06, "seed": 1234, "sr": 0.5670841972687884}}