{"returned_dict": {"loss": 0.3066559662938256, "status": "ok", "start_time": 1653735058.561974, "duration": 228.2358639240265}, "current_params": {"N": 100, "iss": 1.6455260799501805, "lr": 0.1287576900364984, "ridge": 0.017729752346457902, "seed": 1234, "sr": 0.5670841972687884}}