{"returned_dict": {"loss": 0.3089657420875759, "status": "ok", "start_time": 1653738488.584386, "duration": 206.63819479942322}, "current_params": {"N": 100, "iss": 3.36722318467318, "lr": 0.1287576900364984, "ridge": 9.741803573132131e-08, "seed": 1234, "sr": 0.5670841972687884}}