{"returned_dict": {"loss": 0.3085243517078798, "status": "ok", "start_time": 1653739751.348918, "duration": 205.94542598724365}, "current_params": {"N": 100, "iss": 3.1156922522481745, "lr": 0.1287576900364984, "ridge": 1.533506363131018e-08, "seed": 1234, "sr": 0.5670841972687884}}