{"returned_dict": {"loss": 0.30731805186336963, "status": "ok", "start_time": 1653744017.635652, "duration": 215.65009784698486}, "current_params": {"N": 100, "iss": 2.2683728828956404, "lr": 0.1287576900364984, "ridge": 3.447195509491677e-05, "seed": 1234, "sr": 0.5670841972687884}}