{"returned_dict": {"loss": 0.30607664142047447, "status": "ok", "start_time": 1653739957.3005362, "duration": 208.90432691574097}, "current_params": {"N": 100, "iss": 0.6741375032542688, "lr": 0.1287576900364984, "ridge": 0.06880258904901534, "seed": 1234, "sr": 0.5670841972687884}}