{"returned_dict": {"loss": 0.305893564728896, "status": "ok", "start_time": 1653744655.3905249, "duration": 206.4421010017395}, "current_params": {"N": 100, "iss": 0.694225508807683, "lr": 0.1287576900364984, "ridge": 0.01030812888145159, "seed": 1234, "sr": 0.5670841972687884}}