{"returned_dict": {"loss": 0.30594372272658876, "status": "ok", "start_time": 1653743155.230842, "duration": 220.6590757369995}, "current_params": {"N": 100, "iss": 0.543521075361487, "lr": 0.1287576900364984, "ridge": 2.6856635801031983e-05, "seed": 1234, "sr": 0.5670841972687884}}