{"returned_dict": {"loss": 0.30788232933741283, "status": "ok", "start_time": 1653739332.794181, "duration": 208.94139194488525}, "current_params": {"N": 100, "iss": 0.2914597201455151, "lr": 0.1287576900364984, "ridge": 0.03272455927618931, "seed": 1234, "sr": 0.5670841972687884}}