{"returned_dict": {"loss": 0.30900586848573003, "status": "ok", "start_time": 1653741248.946031, "duration": 208.5113399028778}, "current_params": {"N": 100, "iss": 0.18556335502409568, "lr": 0.1287576900364984, "ridge": 0.018846208294178844, "seed": 1234, "sr": 0.5670841972687884}}