{"returned_dict": {"loss": 0.3075763655514872, "status": "ok", "start_time": 1653741670.6182919, "duration": 211.48457407951355}, "current_params": {"N": 100, "iss": 0.27558568555146057, "lr": 0.1287576900364984, "ridge": 1.9967740440826263e-07, "seed": 1234, "sr": 0.5670841972687884}}