{"returned_dict": {"loss": 0.3057957566333952, "status": "ok", "start_time": 1653750694.1267378, "duration": 205.08501195907593}, "current_params": {"N": 100, "iss": 0.8155516889131993, "lr": 0.1287576900364984, "ridge": 0.013558113444701859, "seed": 1234, "sr": 0.5670841972687884}}