{"returned_dict": {"loss": 0.30708983297386766, "status": "ok", "start_time": 1653738899.522611, "duration": 216.35813808441162}, "current_params": {"N": 100, "iss": 2.0381197062208587, "lr": 0.1287576900364984, "ridge": 1.478391828951142e-07, "seed": 1234, "sr": 0.5670841972687884}}