{"returned_dict": {"loss": 0.306783869187942, "status": "ok", "start_time": 1653750899.215774, "duration": 206.11610317230225}, "current_params": {"N": 100, "iss": 1.7309152233022054, "lr": 0.1287576900364984, "ridge": 2.9219345193432475e-05, "seed": 1234, "sr": 0.5670841972687884}}