{"returned_dict": {"loss": 0.3058308672317801, "status": "ok", "start_time": 1653746915.579189, "duration": 204.46911573410034}, "current_params": {"N": 100, "iss": 0.7731775922011649, "lr": 0.1287576900364984, "ridge": 1.1737186748519426e-08, "seed": 1234, "sr": 0.5670841972687884}}