{"returned_dict": {"loss": 0.3083387671164167, "status": "ok", "start_time": 1653740826.539886, "duration": 212.67499923706055}, "current_params": {"N": 100, "iss": 0.18979148647491736, "lr": 0.1287576900364984, "ridge": 9.526845057919662e-05, "seed": 1234, "sr": 0.5670841972687884}}