{"returned_dict": {"loss": 0.305976325425089, "status": "ok", "start_time": 1653743594.3895879, "duration": 212.938236951828}, "current_params": {"N": 100, "iss": 0.5224032536456032, "lr": 0.1287576900364984, "ridge": 9.484918475031917e-06, "seed": 1234, "sr": 0.5670841972687884}}