{"returned_dict": {"loss": 0.30863971510257315, "status": "ok", "start_time": 1653736404.824807, "duration": 214.83102798461914}, "current_params": {"N": 100, "iss": 0.16075486767251332, "lr": 0.1287576900364984, "ridge": 3.977335723011068e-06, "seed": 1234, "sr": 0.5670841972687884}}