{"returned_dict": {"loss": 0.3062973366103225, "status": "ok", "start_time": 1653745476.526165, "duration": 202.5815999507904}, "current_params": {"N": 100, "iss": 0.4481722706234861, "lr": 0.1287576900364984, "ridge": 2.530123693225004e-06, "seed": 1234, "sr": 0.5670841972687884}}