{"returned_dict": {"loss": 0.30980087274915985, "status": "ok", "start_time": 1653751736.8828359, "duration": 209.27168703079224}, "current_params": {"N": 100, "iss": 0.12741474928967936, "lr": 0.1287576900364984, "ridge": 0.025882299674070675, "seed": 1234, "sr": 0.5670841972687884}}