{"returned_dict": {"loss": 0.30789486883683603, "status": "ok", "start_time": 1653736836.111238, "duration": 209.2989640235901}, "current_params": {"N": 100, "iss": 2.6674055043461142, "lr": 0.1287576900364984, "ridge": 3.789559758006744e-05, "seed": 1234, "sr": 0.5670841972687884}}