{"returned_dict": {"loss": 0.3093218638711942, "status": "ok", "start_time": 1653752991.348279, "duration": 209.70656299591064}, "current_params": {"N": 100, "iss": 0.11133403522728465, "lr": 0.1287576900364984, "ridge": 0.001108684518363416, "seed": 1234, "sr": 0.5670841972687884}}