{"returned_dict": {"loss": 0.30575061443547175, "status": "ok", "start_time": 1653744448.083288, "duration": 207.3025119304657}, "current_params": {"N": 100, "iss": 1.1686398178028126, "lr": 0.1287576900364984, "ridge": 4.090326350472871e-08, "seed": 1234, "sr": 0.5670841972687884}}