{"returned_dict": {"loss": 0.3088654260921904, "status": "ok", "start_time": 1653733029.490428, "duration": 233.90245008468628}, "current_params": {"N": 100, "iss": 0.14038543463050257, "lr": 0.1287576900364984, "ridge": 1.4986571784904932e-07, "seed": 1234, "sr": 0.5670841972687884}}