{"returned_dict": {"loss": 0.3060590861212821, "status": "ok", "start_time": 1653742090.604738, "duration": 206.1006281375885}, "current_params": {"N": 100, "iss": 0.5094774927056184, "lr": 0.1287576900364984, "ridge": 6.77225136738145e-08, "seed": 1234, "sr": 0.5670841972687884}}