{"returned_dict": {"loss": 0.30731052816371573, "status": "ok", "start_time": 1653738695.2265449, "duration": 204.2925670146942}, "current_params": {"N": 100, "iss": 2.2187230873452033, "lr": 0.1287576900364984, "ridge": 0.15726651398693633, "seed": 1234, "sr": 0.5670841972687884}}