{"returned_dict": {"loss": 0.30907859758238454, "status": "ok", "start_time": 1653734825.620468, "duration": 232.93794322013855}, "current_params": {"N": 100, "iss": 0.12092628603294148, "lr": 0.1287576900364984, "ridge": 1.895079732101206e-08, "seed": 1234, "sr": 0.5670841972687884}}