{"returned_dict": {"loss": 0.30904599488388423, "status": "ok", "start_time": 1653744233.2897532, "duration": 214.7886598110199}, "current_params": {"N": 100, "iss": 0.12924797146643113, "lr": 0.1287576900364984, "ridge": 2.4310987162062613e-08, "seed": 1234, "sr": 0.5670841972687884}}