{"returned_dict": {"loss": 0.30695942217986666, "status": "ok", "start_time": 1653742296.7089338, "duration": 205.3888761997223}, "current_params": {"N": 100, "iss": 1.9195200952212323, "lr": 0.1287576900364984, "ridge": 0.002380075079117397, "seed": 1234, "sr": 0.5670841972687884}}