{"returned_dict": {"loss": 0.30650298440086277, "status": "ok", "start_time": 1653741039.220062, "duration": 209.72225713729858}, "current_params": {"N": 100, "iss": 0.4206597132300273, "lr": 0.1287576900364984, "ridge": 0.0010570046034798697, "seed": 1234, "sr": 0.5670841972687884}}