{"returned_dict": {"loss": 0.30870492049957365, "status": "ok", "start_time": 1653753625.0690932, "duration": 203.27806782722473}, "current_params": {"N": 100, "iss": 0.17022228918802185, "lr": 0.1287576900364984, "ridge": 0.0032436300697124268, "seed": 1234, "sr": 0.5670841972687884}}