{"returned_dict": {"loss": 0.30839394091387873, "status": "ok", "start_time": 1653737252.3531442, "duration": 209.59130597114563}, "current_params": {"N": 100, "iss": 0.201426420703801, "lr": 0.1287576900364984, "ridge": 0.0027738070516283323, "seed": 1234, "sr": 0.5670841972687884}}