{"returned_dict": {"loss": 0.30969303305412044, "status": "ok", "start_time": 1653739115.8858309, "duration": 216.90431213378906}, "current_params": {"N": 100, "iss": 0.2786904772615734, "lr": 0.1287576900364984, "ridge": 0.2110712370861992, "seed": 1234, "sr": 0.5670841972687884}}