{"returned_dict": {"loss": 0.30766664994733406, "status": "ok", "start_time": 1653733263.397792, "duration": 225.43479800224304}, "current_params": {"N": 100, "iss": 0.26572611251385087, "lr": 0.1287576900364984, "ridge": 1.6991094764866432e-05, "seed": 1234, "sr": 0.5670841972687884}}