{"returned_dict": {"loss": 0.30825851432010837, "status": "ok", "start_time": 1653754236.536799, "duration": 202.43527102470398}, "current_params": {"N": 100, "iss": 2.909430152329569, "lr": 0.1287576900364984, "ridge": 3.255601536517505e-05, "seed": 1234, "sr": 0.5670841972687884}}