{"returned_dict": {"loss": 0.3062120680142449, "status": "ok", "start_time": 1653750282.747694, "duration": 206.71451497077942}, "current_params": {"N": 100, "iss": 0.5133742907102947, "lr": 0.1287576900364984, "ridge": 0.021804540133968545, "seed": 1234, "sr": 0.5670841972687884}}