{"returned_dict": {"loss": 0.3069117720820585, "status": "ok", "start_time": 1653747963.151073, "duration": 207.04643416404724}, "current_params": {"N": 100, "iss": 0.351430900126144, "lr": 0.1287576900364984, "ridge": 1.0341658214526482e-05, "seed": 1234, "sr": 0.5670841972687884}}