{"returned_dict": {"loss": 0.30785975823845113, "status": "ok", "start_time": 1653737667.051133, "duration": 204.9083068370819}, "current_params": {"N": 100, "iss": 2.623899057836666, "lr": 0.1287576900364984, "ridge": 0.012956175397834047, "seed": 1234, "sr": 0.5670841972687884}}