{"returned_dict": {"loss": 0.3062898129106686, "status": "ok", "start_time": 1653748170.202035, "duration": 203.12508702278137}, "current_params": {"N": 100, "iss": 0.449091402517908, "lr": 0.1287576900364984, "ridge": 0.00047980613013560845, "seed": 1234, "sr": 0.5670841972687884}}