{"returned_dict": {"loss": 0.30797512163314444, "status": "ok", "start_time": 1653745069.0535848, "duration": 204.18522810935974}, "current_params": {"N": 100, "iss": 0.22918410167217404, "lr": 0.1287576900364984, "ridge": 0.00016453118117621977, "seed": 1234, "sr": 0.5670841972687884}}