{"returned_dict": {"loss": 0.30903094748457643, "status": "ok", "start_time": 1653747120.052782, "duration": 202.33734774589539}, "current_params": {"N": 100, "iss": 0.25799556852232236, "lr": 0.1287576900364984, "ridge": 0.08675253008831628, "seed": 1234, "sr": 0.5670841972687884}}