{"returned_dict": {"loss": 0.30923408737523195, "status": "ok", "start_time": 1653745887.3182058, "duration": 207.69875621795654}, "current_params": {"N": 100, "iss": 3.4748871312313647, "lr": 0.1287576900364984, "ridge": 3.68330375169553e-06, "seed": 1234, "sr": 0.5670841972687884}}