{"returned_dict": {"loss": 0.3113683101770578, "status": "ok", "start_time": 1653734157.053483, "duration": 221.3151650428772}, "current_params": {"N": 100, "iss": 4.572769019165937, "lr": 0.1287576900364984, "ridge": 3.268096760564519e-08, "seed": 1234, "sr": 0.5670841972687884}}