{"returned_dict": {"loss": 0.3117971610573306, "status": "ok", "start_time": 1653748982.562596, "duration": 202.73971676826477}, "current_params": {"N": 100, "iss": 4.789309695620224, "lr": 0.1287576900364984, "ridge": 0.36229707527913785, "seed": 1234, "sr": 0.5670841972687884}}