{"returned_dict": {"loss": 0.3123689622310278, "status": "ok", "start_time": 1653744861.836593, "duration": 207.2120659351349}, "current_params": {"N": 100, "iss": 5.057850755743541, "lr": 0.1287576900364984, "ridge": 0.0026351735980925145, "seed": 1234, "sr": 0.5670841972687884}}