{"returned_dict": {"loss": 0.3195189848021267, "status": "ok", "start_time": 1653733936.070772, "duration": 220.9790279865265}, "current_params": {"N": 100, "iss": 9.862213949016532, "lr": 0.1287576900364984, "ridge": 0.003914071527907915, "seed": 1234, "sr": 0.5670841972687884}}