{"returned_dict": {"loss": 0.3124717861262979, "status": "ok", "start_time": 1653743807.331548, "duration": 210.30044412612915}, "current_params": {"N": 100, "iss": 5.103053496657175, "lr": 0.1287576900364984, "ridge": 0.003310373471365745, "seed": 1234, "sr": 0.5670841972687884}}