{"returned_dict": {"loss": 0.31225109093644976, "status": "ok", "start_time": 1653736619.659435, "duration": 216.44782495498657}, "current_params": {"N": 100, "iss": 5.0085250794354, "lr": 0.1287576900364984, "ridge": 9.156054963098493e-07, "seed": 1234, "sr": 0.5670841972687884}}