{"returned_dict": {"loss": 0.31932336861112504, "status": "ok", "start_time": 1653753414.7239249, "duration": 210.340261220932}, "current_params": {"N": 100, "iss": 9.656454928940898, "lr": 0.1287576900364984, "ridge": 2.6633626241805303e-08, "seed": 1234, "sr": 0.5670841972687884}}