{"returned_dict": {"loss": 0.3142022370466971, "status": "ok", "start_time": 1653740391.071916, "duration": 218.42982387542725}, "current_params": {"N": 100, "iss": 6.027023680947387, "lr": 0.1287576900364984, "ridge": 6.10267229343759e-07, "seed": 1234, "sr": 0.5670841972687884}}