{"returned_dict": {"loss": 0.3187014094397352, "status": "ok", "start_time": 1653741882.106126, "duration": 208.49415397644043}, "current_params": {"N": 100, "iss": 9.095043983448683, "lr": 0.1287576900364984, "ridge": 1.024774507173233e-06, "seed": 1234, "sr": 0.5670841972687884}}