{"returned_dict": {"loss": 0.31070120880774443, "status": "ok", "start_time": 1653736181.390604, "duration": 223.4306218624115}, "current_params": {"N": 100, "iss": 4.247828113513111, "lr": 0.1287576900364984, "ridge": 0.11432490253281483, "seed": 1234, "sr": 0.5670841972687884}}