{"returned_dict": {"loss": 0.31249184932537494, "status": "ok", "start_time": 1653750079.136543, "duration": 203.6071538925171}, "current_params": {"N": 100, "iss": 5.119098575575948, "lr": 0.1287576900364984, "ridge": 2.076034439811686e-05, "seed": 1234, "sr": 0.5670841972687884}}