{"returned_dict": {"loss": 0.31224607513668057, "status": "ok", "start_time": 1653751532.9428108, "duration": 203.93527340888977}, "current_params": {"N": 100, "iss": 5.01048621558675, "lr": 0.1287576900364984, "ridge": 3.460620148626892e-08, "seed": 1234, "sr": 0.5670841972687884}}