{"returned_dict": {"loss": 0.31733711190249286, "status": "ok", "start_time": 1653747525.4969978, "duration": 227.40984511375427}, "current_params": {"N": 100, "iss": 8.010227335946494, "lr": 0.1287576900364984, "ridge": 0.02129555043451986, "seed": 1234, "sr": 0.5670841972687884}}