{"returned_dict": {"loss": 0.31017705773185533, "status": "ok", "start_time": 1653749185.307088, "duration": 202.46161198616028}, "current_params": {"N": 100, "iss": 4.009336599336946, "lr": 0.1287576900364984, "ridge": 1.2302267687751628e-08, "seed": 1234, "sr": 0.5670841972687884}}