{"returned_dict": {"loss": 0.3181973215629232, "status": "ok", "start_time": 1653747752.9113889, "duration": 210.23487997055054}, "current_params": {"N": 100, "iss": 8.695178753121036, "lr": 0.1287576900364984, "ridge": 0.3624200142532397, "seed": 1234, "sr": 0.5670841972687884}}