{"returned_dict": {"loss": 0.31085920650047655, "status": "ok", "start_time": 1653745273.242594, "duration": 203.27785301208496}, "current_params": {"N": 100, "iss": 4.30751123577675, "lr": 0.1287576900364984, "ridge": 0.7594209711471364, "seed": 1234, "sr": 0.5670841972687884}}