{"returned_dict": {"loss": 0.3118999849526007, "status": "ok", "start_time": 1653746504.756726, "duration": 204.1688530445099}, "current_params": {"N": 100, "iss": 4.85079153573557, "lr": 0.1287576900364984, "ridge": 0.057063818439938935, "seed": 1234, "sr": 0.5670841972687884}}