{"returned_dict": {"loss": 0.3191227366203541, "status": "ok", "start_time": 1653735960.1035259, "duration": 221.2831630706787}, "current_params": {"N": 100, "iss": 9.450927332508062, "lr": 0.1287576900364984, "ridge": 0.10045715468679244, "seed": 1234, "sr": 0.5670841972687884}}