{"returned_dict": {"loss": 0.31218588553944926, "status": "ok", "start_time": 1653748778.202013, "duration": 204.35670709609985}, "current_params": {"N": 100, "iss": 4.976860160724869, "lr": 0.1287576900364984, "ridge": 0.03492805082916795, "seed": 1234, "sr": 0.5670841972687884}}