{"returned_dict": {"loss": 0.3173797462005317, "status": "ok", "start_time": 1653741457.46104, "duration": 213.15294814109802}, "current_params": {"N": 100, "iss": 8.028242932186693, "lr": 0.1287576900364984, "ridge": 0.01292353468410991, "seed": 1234, "sr": 0.5670841972687884}}