{"returned_dict": {"loss": 0.3106084165120128, "status": "ok", "start_time": 1653742502.101438, "duration": 435.8920819759369}, "current_params": {"N": 100, "iss": 4.217140705506853, "lr": 0.1287576900364984, "ridge": 0.11371557360773218, "seed": 1234, "sr": 0.5670841972687884}}