{"returned_dict": {"loss": 0.31159652906655966, "status": "ok", "start_time": 1653753201.059913, "duration": 213.65840315818787}, "current_params": {"N": 100, "iss": 4.6718716344392215, "lr": 0.1287576900364984, "ridge": 3.888795399769536e-05, "seed": 1234, "sr": 0.5670841972687884}}