{"returned_dict": {"loss": 0.3151903496012439, "status": "ok", "start_time": 1653753828.352132, "duration": 205.50612902641296}, "current_params": {"N": 100, "iss": 6.60556305569119, "lr": 0.1287576900364984, "ridge": 1.3804282501062485e-07, "seed": 1234, "sr": 0.5670841972687884}}