{"returned_dict": {"loss": 0.31026483422781764, "status": "ok", "start_time": 1653747322.393926, "duration": 203.09717106819153}, "current_params": {"N": 100, "iss": 0.12903204751332298, "lr": 0.1287576900364984, "ridge": 0.05297372161188402, "seed": 1234, "sr": 0.5670841972687884}}