{"returned_dict": {"loss": 0.3195691427998194, "status": "ok", "start_time": 1653739541.740099, "duration": 209.6020119190216}, "current_params": {"N": 100, "iss": 9.924418004725132, "lr": 0.1287576900364984, "ridge": 0.12423991951262355, "seed": 1234, "sr": 0.5670841972687884}}