{"returned_dict": {"loss": 0.3184004614535788, "status": "ok", "start_time": 1653738284.138119, "duration": 204.44244289398193}, "current_params": {"N": 100, "iss": 8.83895901372768, "lr": 0.1287576900364984, "ridge": 3.975045671102832e-05, "seed": 1234, "sr": 0.5670841972687884}}