{"returned_dict": {"loss": 0.3112278677835181, "status": "ok", "start_time": 1653752572.3590841, "duration": 208.64339089393616}, "current_params": {"N": 100, "iss": 4.480576427566883, "lr": 0.1287576900364984, "ridge": 0.015016827498557588, "seed": 1234, "sr": 0.5670841972687884}}