{"returned_dict": {"loss": 0.31501479660931936, "status": "ok", "start_time": 1653735738.8413188, "duration": 221.25857305526733}, "current_params": {"N": 100, "iss": 6.478333050221688, "lr": 0.1287576900364984, "ridge": 7.239108731016765e-07, "seed": 1234, "sr": 0.5670841972687884}}