{"returned_dict": {"loss": 0.30688167728344284, "status": "ok", "start_time": 1653714677.929708, "duration": 203.6962230205536}, "current_params": {"N": 100, "iss": 1, "lr": 0.11538702095297004, "ridge": 0.17613800987015077, "seed": 1234, "sr": 0.2916898216576355}}