{"returned_dict": {"loss": 0.30909364498169234, "status": "ok", "start_time": 1653722725.056212, "duration": 205.66471695899963}, "current_params": {"N": 100, "iss": 1, "lr": 0.6810409898336767, "ridge": 2.7905829886419384e-08, "seed": 1234, "sr": 0.12486785416482651}}