{"returned_dict": {"loss": 0.3073657019611777, "status": "ok", "start_time": 1653730205.7572842, "duration": 204.83325576782227}, "current_params": {"N": 100, "iss": 1, "lr": 0.25816681245545814, "ridge": 4.649246164396996e-08, "seed": 1234, "sr": 0.4823886773823359}}