{"returned_dict": {"loss": 0.30943973516577217, "status": "ok", "start_time": 1653713109.373121, "duration": 203.898854970932}, "current_params": {"N": 100, "iss": 1, "lr": 0.7732321956643607, "ridge": 0.04372371541874365, "seed": 1234, "sr": 0.1344539998847529}}