{"returned_dict": {"loss": 0.3090585343833074, "status": "ok", "start_time": 1653720858.0505972, "duration": 216.06169080734253}, "current_params": {"N": 100, "iss": 1, "lr": 0.6780864643690278, "ridge": 6.737519131408643e-06, "seed": 1234, "sr": 0.16131816282355077}}