{"returned_dict": {"loss": 0.3058208356322416, "status": "ok", "start_time": 1653729371.466347, "duration": 206.8593499660492}, "current_params": {"N": 100, "iss": 1, "lr": 0.10118775158193398, "ridge": 2.1736807707307792e-05, "seed": 1234, "sr": 0.37723770732928036}}