{"returned_dict": {"loss": 0.3061067362190901, "status": "ok", "start_time": 1653731250.2228239, "duration": 202.7299861907959}, "current_params": {"N": 100, "iss": 1, "lr": 0.16860433141197817, "ridge": 0.04763910633398154, "seed": 1234, "sr": 0.7896847906676631}}