{"returned_dict": {"loss": 0.3067136479911722, "status": "ok", "start_time": 1653714473.5670059, "duration": 204.35875606536865}, "current_params": {"N": 100, "iss": 1, "lr": 0.1799666632592537, "ridge": 5.459948253151341e-05, "seed": 1234, "sr": 0.13640988650581445}}