{"returned_dict": {"loss": 0.3097130962531976, "status": "ok", "start_time": 1653718563.2800121, "duration": 202.44436287879944}, "current_params": {"N": 100, "iss": 1, "lr": 0.8634637566669967, "ridge": 0.009423629811257507, "seed": 1234, "sr": 0.11128109632127729}}