{"returned_dict": {"loss": 0.3083538145157245, "status": "ok", "start_time": 1653727914.715926, "duration": 203.82704496383667}, "current_params": {"N": 100, "iss": 1, "lr": 0.4993075682477247, "ridge": 0.00042009037903824266, "seed": 1234, "sr": 0.1877221467604156}}