{"returned_dict": {"loss": 0.3082158800220695, "status": "ok", "start_time": 1653715297.957279, "duration": 205.10904908180237}, "current_params": {"N": 100, "iss": 1, "lr": 0.4156149639459996, "ridge": 6.678155527136198e-08, "seed": 1234, "sr": 0.4465787592181888}}