{"returned_dict": {"loss": 0.307674173646988, "status": "ok", "start_time": 1653713854.776234, "duration": 208.92871618270874}, "current_params": {"N": 100, "iss": 1, "lr": 0.3414922783394838, "ridge": 2.138370029824911e-08, "seed": 1234, "sr": 0.11732940592589199}}