{"returned_dict": {"loss": 0.30906605808296134, "status": "ok", "start_time": 1653714269.032923, "duration": 204.53028106689453}, "current_params": {"N": 100, "iss": 1, "lr": 0.6481937341794874, "ridge": 0.006923358219450842, "seed": 1234, "sr": 0.3684019124650009}}