{"returned_dict": {"loss": 0.3090811054822692, "status": "ok", "start_time": 1653728118.547359, "duration": 208.30777597427368}, "current_params": {"N": 100, "iss": 1, "lr": 0.5617270134863368, "ridge": 0.06867109465979375, "seed": 1234, "sr": 0.6750075624242844}}