{"returned_dict": {"loss": 0.30838641721422483, "status": "ok", "start_time": 1653723549.813121, "duration": 207.38298392295837}, "current_params": {"N": 100, "iss": 1, "lr": 0.24313451152270027, "ridge": 2.7589126509717347e-07, "seed": 1234, "sr": 1.1325621770829872}}