{"returned_dict": {"loss": 0.3090284395846918, "status": "ok", "start_time": 1653712036.5894341, "duration": 204.85305976867676}, "current_params": {"N": 100, "iss": 1, "lr": 0.6558947661457027, "ridge": 3.8840803323100457e-08, "seed": 1234, "sr": 0.1967549080185529}}