{"returned_dict": {"loss": 0.30614686261724433, "status": "ok", "start_time": 1653725438.204447, "duration": 204.70287895202637}, "current_params": {"N": 100, "iss": 1, "lr": 0.11450869071154818, "ridge": 3.573691311193088e-05, "seed": 1234, "sr": 0.10408568475056201}}