{"returned_dict": {"loss": 0.30969804885388974, "status": "ok", "start_time": 1653725227.812257, "duration": 210.38820791244507}, "current_params": {"N": 100, "iss": 1, "lr": 0.8295840924299327, "ridge": 0.018651950032474614, "seed": 1234, "sr": 0.2540780388815032}}