{"returned_dict": {"loss": 0.3075763655514872, "status": "ok", "start_time": 1653729578.329725, "duration": 206.18236589431763}, "current_params": {"N": 100, "iss": 1, "lr": 0.2659156294084546, "ridge": 0.06302596249744999, "seed": 1234, "sr": 0.13639186974628303}}