{"returned_dict": {"loss": 0.30805286652956815, "status": "ok", "start_time": 1653731959.8123689, "duration": 210.74524998664856}, "current_params": {"N": 100, "iss": 1, "lr": 0.3665471961469463, "ridge": 0.19038791180438008, "seed": 1234, "sr": 0.19275402679987705}}