{"returned_dict": {"loss": 0.30559763254250893, "status": "ok", "start_time": 1653726466.63211, "duration": 203.88724398612976}, "current_params": {"N": 100, "iss": 1, "lr": 0.1287576900364984, "ridge": 1.5253158371701975e-06, "seed": 1234, "sr": 0.5670841972687884}}