{"returned_dict": {"loss": 0.30959271705873503, "status": "ok", "start_time": 1653731452.957628, "duration": 205.1334090232849}, "current_params": {"N": 100, "iss": 1, "lr": 0.5811991628097807, "ridge": 0.8695025722989431, "seed": 1234, "sr": 0.12774901941014705}}