{"returned_dict": {"loss": 0.307398304659678, "status": "ok", "start_time": 1653715503.07124, "duration": 204.20279908180237}, "current_params": {"N": 100, "iss": 1, "lr": 0.21526920633373464, "ridge": 0.06292734536614276, "seed": 1234, "sr": 0.3093336013325798}}