{"returned_dict": {"loss": 0.3086246677032653, "status": "ok", "start_time": 1653728946.131, "duration": 214.996435880661}, "current_params": {"N": 100, "iss": 1, "lr": 0.4102711823929387, "ridge": 0.0008976420526031478, "seed": 1234, "sr": 0.7352205201434103}}