{"returned_dict": {"loss": 0.3086447309023424, "status": "ok", "start_time": 1653716322.730026, "duration": 204.46315002441406}, "current_params": {"N": 100, "iss": 1, "lr": 0.4355764454803339, "ridge": 0.05196453032465348, "seed": 1234, "sr": 0.7034710719137631}}