{"returned_dict": {"loss": 0.3085318754075338, "status": "ok", "start_time": 1653713518.839902, "duration": 335.93177127838135}, "current_params": {"N": 100, "iss": 1, "lr": 0.49149815828572563, "ridge": 6.989680905532386e-05, "seed": 1234, "sr": 0.44675023072603315}}