{"returned_dict": {"loss": 0.30658323719717107, "status": "ok", "start_time": 1653727709.28828, "duration": 205.42383909225464}, "current_params": {"N": 100, "iss": 1, "lr": 0.15638566177027408, "ridge": 0.025839855098047905, "seed": 1234, "sr": 0.10531646980356671}}