{"returned_dict": {"loss": 0.3061794653157446, "status": "ok", "start_time": 1653723969.4246342, "duration": 208.38858270645142}, "current_params": {"N": 100, "iss": 1, "lr": 0.12489926614540148, "ridge": 4.034409048568335e-06, "seed": 1234, "sr": 0.39882781425266634}}