{"returned_dict": {"loss": 0.30999899684004617, "status": "ok", "start_time": 1653730410.594982, "duration": 207.8864870071411}, "current_params": {"N": 100, "iss": 1, "lr": 0.9219827648621387, "ridge": 2.2164215971626966e-08, "seed": 1234, "sr": 0.12624000439338573}}