{"returned_dict": {"loss": 0.3068365350855194, "status": "ok", "start_time": 1653720407.547161, "duration": 230.1623020172119}, "current_params": {"N": 100, "iss": 1, "lr": 0.16250489921889094, "ridge": 5.768018211684398e-07, "seed": 1234, "sr": 0.2113889252319118}}