{"returned_dict": {"loss": 0.309620303957466, "status": "ok", "start_time": 1653726670.524381, "duration": 203.73601412773132}, "current_params": {"N": 100, "iss": 1, "lr": 0.142138760158414, "ridge": 4.067606791079526e-06, "seed": 1234, "sr": 1.4800161282662072}}