{"returned_dict": {"loss": 0.3090710738827306, "status": "ok", "start_time": 1653712446.5905201, "duration": 205.85077667236328}, "current_params": {"N": 100, "iss": 1, "lr": 0.35862068786791046, "ridge": 5.931399352252879e-08, "seed": 1234, "sr": 1.0134620932595129}}