{"returned_dict": {"loss": 0.30930681647188646, "status": "ok", "start_time": 1653712241.447257, "duration": 205.13949394226074}, "current_params": {"N": 100, "iss": 1, "lr": 0.6332080719932267, "ridge": 4.985823909759406e-07, "seed": 1234, "sr": 0.6420300277845739}}