{"returned_dict": {"loss": 0.30820334052264636, "status": "ok", "start_time": 1653720637.7146509, "duration": 220.3299481868744}, "current_params": {"N": 100, "iss": 1, "lr": 0.2229403430738338, "ridge": 0.6842569458100269, "seed": 1234, "sr": 0.318168425125903}}