{"returned_dict": {"loss": 0.3064202237046697, "status": "ok", "start_time": 1653722930.7245371, "duration": 204.81402397155762}, "current_params": {"N": 100, "iss": 1, "lr": 0.15201639217880009, "ridge": 0.00018651884518440948, "seed": 1234, "sr": 0.14221306286582197}}