{"returned_dict": {"loss": 0.3080152480312986, "status": "ok", "start_time": 1653729161.133167, "duration": 210.32786011695862}, "current_params": {"N": 100, "iss": 1, "lr": 0.3974733145135205, "ridge": 8.190928128725918e-08, "seed": 1234, "sr": 0.29303060719953083}}