{"returned_dict": {"loss": 0.3078647740382204, "status": "ok", "start_time": 1653717752.56209, "duration": 202.47878193855286}, "current_params": {"N": 100, "iss": 1, "lr": 0.3759810167873747, "ridge": 0.0017255150536279764, "seed": 1234, "sr": 0.1960863616738424}}