{"returned_dict": {"loss": 0.3098660781461604, "status": "ok", "start_time": 1653717345.254823, "duration": 204.17984819412231}, "current_params": {"N": 100, "iss": 1, "lr": 0.8698338251746007, "ridge": 0.012855459727103804, "seed": 1234, "sr": 0.17666879307178834}}