{"returned_dict": {"loss": 0.3099212519436224, "status": "ok", "start_time": 1653721489.688098, "duration": 203.42990016937256}, "current_params": {"N": 100, "iss": 1, "lr": 0.8899787352906039, "ridge": 0.00011166391818915798, "seed": 1234, "sr": 0.1587729246717265}}