{"returned_dict": {"loss": 0.3095676380598887, "status": "ok", "start_time": 1653717142.8226519, "duration": 202.4268171787262}, "current_params": {"N": 100, "iss": 1, "lr": 0.56243941069246, "ridge": 0.6103858824567765, "seed": 1234, "sr": 0.7940274759664013}}