{"returned_dict": {"loss": 0.3105005768169734, "status": "ok", "start_time": 1653721896.562124, "duration": 207.69731903076172}, "current_params": {"N": 100, "iss": 1, "lr": 0.8017668893913816, "ridge": 0.0005578441901381252, "seed": 1234, "sr": 0.804851055167372}}