{"returned_dict": {"loss": 0.31056327431408937, "status": "ok", "start_time": 1653722104.26333, "duration": 204.5669231414795}, "current_params": {"N": 100, "iss": 1, "lr": 0.9096440724822561, "ridge": 7.447722603778934e-06, "seed": 1234, "sr": 0.5549558075476853}}