{"returned_dict": {"loss": 0.3101143602347395, "status": "ok", "start_time": 1653730834.35086, "duration": 208.68450570106506}, "current_params": {"N": 100, "iss": 1, "lr": 0.8073376276943336, "ridge": 0.00010561086300453902, "seed": 1234, "sr": 0.5542395922145654}}