{"returned_dict": {"loss": 0.319413653006972, "status": "ok", "start_time": 1653731658.095926, "duration": 301.7094340324402}, "current_params": {"N": 100, "iss": 1, "lr": 0.20838507340730156, "ridge": 8.395870027190427e-08, "seed": 1234, "sr": 2.3864801668707125}}