{"returned_dict": {"loss": 0.31016953403220143, "status": "ok", "start_time": 1653729991.428763, "duration": 214.32428312301636}, "current_params": {"N": 100, "iss": 1, "lr": 0.948826921060377, "ridge": 1.75512575540449e-08, "seed": 1234, "sr": 0.2929970557957011}}