{"returned_dict": {"loss": 0.310061694337162, "status": "ok", "start_time": 1653711831.112618, "duration": 205.4731571674347}, "current_params": {"N": 100, "iss": 1, "lr": 0.8748374337220912, "ridge": 0.0007345025322144091, "seed": 1234, "sr": 0.3988804118550785}}