{"returned_dict": {"loss": 0.31103475949240106, "status": "ok", "start_time": 1653719580.2107341, "duration": 202.24884676933289}, "current_params": {"N": 100, "iss": 1, "lr": 0.7340231498488773, "ridge": 1.2974986333487722e-07, "seed": 1234, "sr": 0.9879552547563749}}