{"returned_dict": {"loss": 0.3151151126047048, "status": "ok", "start_time": 1653718969.076685, "duration": 202.21601486206055}, "current_params": {"N": 100, "iss": 1, "lr": 0.16965755042842334, "ridge": 3.569751723147657e-05, "seed": 1234, "sr": 1.8317179368006853}}