{"returned_dict": {"loss": 0.3145458193308923, "status": "ok", "start_time": 1653719782.466218, "duration": 202.27797603607178}, "current_params": {"N": 100, "iss": 1, "lr": 0.2865987483939913, "ridge": 3.1312928456182538e-06, "seed": 1234, "sr": 1.8030975351205243}}