{"returned_dict": {"loss": 0.3101720419320861, "status": "ok", "start_time": 1653719171.3001442, "duration": 202.67021489143372}, "current_params": {"N": 100, "iss": 1, "lr": 0.9453011060824316, "ridge": 0.1319506674843603, "seed": 1234, "sr": 0.27949884166405564}}