{"returned_dict": {"loss": 0.3110247278928625, "status": "ok", "start_time": 1653721693.123349, "duration": 203.43433904647827}, "current_params": {"N": 100, "iss": 1, "lr": 0.922507056545535, "ridge": 8.727011638093888e-06, "seed": 1234, "sr": 0.719884632078453}}