{"returned_dict": {"loss": 0.3106159402116667, "status": "ok", "start_time": 1653719373.974431, "duration": 206.2326009273529}, "current_params": {"N": 100, "iss": 1, "lr": 0.8859269413156974, "ridge": 0.0004921253337007456, "seed": 1234, "sr": 0.6041154697837957}}