{"returned_dict": {"loss": 0.31088428549932284, "status": "ok", "start_time": 1653724597.7410471, "duration": 215.7427728176117}, "current_params": {"N": 100, "iss": 1, "lr": 0.7673347950256527, "ridge": 2.59865843887129e-06, "seed": 1234, "sr": 0.9292550193185131}}