{"returned_dict": {"loss": 0.31148367357175105, "status": "ok", "start_time": 1653715707.278347, "duration": 205.44880294799805}, "current_params": {"N": 100, "iss": 1, "lr": 0.9783999079650252, "ridge": 0.0050623966736001785, "seed": 1234, "sr": 0.7845979877669707}}