{"returned_dict": {"loss": 0.31875407533731254, "status": "ok", "start_time": 1653721074.1176069, "duration": 205.73921728134155}, "current_params": {"N": 100, "iss": 1, "lr": 0.3861745120748681, "ridge": 0.0013575963204109712, "seed": 1234, "sr": 2.2087556032858324}}