{"returned_dict": {"loss": 0.3148467673170487, "status": "ok", "start_time": 1653731043.040155, "duration": 207.17797207832336}, "current_params": {"N": 100, "iss": 1, "lr": 0.4325349489406255, "ridge": 1.5364265391726116e-08, "seed": 1234, "sr": 1.824744216245066}}