{"returned_dict": {"loss": 0.3114736419722125, "status": "ok", "start_time": 1653732375.798521, "duration": 208.09586310386658}, "current_params": {"N": 100, "iss": 1, "lr": 0.984938618502931, "ridge": 0.007165256497178327, "seed": 1234, "sr": 0.755366658183041}}