{"returned_dict": {"loss": 0.3266690073732257, "status": "ok", "start_time": 1653724177.817108, "duration": 208.57581210136414}, "current_params": {"N": 100, "iss": 1, "lr": 0.9734480364155067, "ridge": 7.340216238203811e-07, "seed": 1234, "sr": 2.209428779498708}}