{"returned_dict": {"loss": 0.32383006470381703, "status": "ok", "start_time": 1653722308.83449, "duration": 205.72869205474854}, "current_params": {"N": 100, "iss": 1, "lr": 0.7048293563582333, "ridge": 0.06781417531999202, "seed": 1234, "sr": 2.3986630672095806}}