{"returned_dict": {"loss": 0.3206375081506746, "status": "ok", "start_time": 1653723342.9202838, "duration": 206.88829112052917}, "current_params": {"N": 100, "iss": 1, "lr": 0.6052003390634023, "ridge": 0.06544312677572366, "seed": 1234, "sr": 2.2656994939566566}}