{"returned_dict": {"loss": 0.32672167327080304, "status": "ok", "start_time": 1653713313.278039, "duration": 205.55476307868958}, "current_params": {"N": 100, "iss": 1, "lr": 0.1486700869997656, "ridge": 0.014826769663391578, "seed": 1234, "sr": 2.7963839921217097}}