{"returned_dict": {"loss": 0.32231780107338115, "status": "ok", "start_time": 1653716117.871077, "duration": 204.85460376739502}, "current_params": {"N": 100, "iss": 1, "lr": 0.7500587276340394, "ridge": 1.6461361107505558e-07, "seed": 1234, "sr": 2.2949279854112246}}