{"returned_dict": {"loss": 0.32317048703415757, "status": "ok", "start_time": 1653712857.0339332, "duration": 252.33448696136475}, "current_params": {"N": 100, "iss": 1, "lr": 0.17357224775694025, "ridge": 0.9460142519299324, "seed": 1234, "sr": 2.501250505893356}}