{"returned_dict": {"loss": 0.33814766514520744, "status": "ok", "start_time": 1653712652.4533288, "duration": 204.5767800807953}, "current_params": {"N": 100, "iss": 1, "lr": 0.49774905851720797, "ridge": 1.9417480108927425e-07, "seed": 1234, "sr": 3.231876230951955}}