{"returned_dict": {"loss": 0.3300747354165622, "status": "ok", "start_time": 1653732170.562622, "duration": 205.2309868335724}, "current_params": {"N": 100, "iss": 1, "lr": 0.9114726558915696, "ridge": 1.8939665584220122e-08, "seed": 1234, "sr": 2.507555840646778}}