{"returned_dict": {"loss": 0.3362241059336911, "status": "ok", "start_time": 1653723135.5425322, "duration": 207.37386178970337}, "current_params": {"N": 100, "iss": 1, "lr": 0.5097965858789029, "ridge": 2.322748936196124e-05, "seed": 1234, "sr": 3.186360869030542}}