{"returned_dict": {"loss": 0.3380598886492451, "status": "ok", "start_time": 1653716527.1974862, "duration": 209.68451976776123}, "current_params": {"N": 100, "iss": 1, "lr": 0.4242104575566348, "ridge": 0.004740110810254539, "seed": 1234, "sr": 3.37379899629218}}