{"returned_dict": {"loss": 0.3470908361338216, "status": "ok", "start_time": 1653716736.8881721, "duration": 202.68517875671387}, "current_params": {"N": 100, "iss": 1, "lr": 0.9367973901512695, "ridge": 1.536006142235669e-06, "seed": 1234, "sr": 3.0352808073755595}}