{"returned_dict": {"loss": 0.3491172192406079, "status": "ok", "start_time": 1653720187.7499928, "duration": 219.79030203819275}, "current_params": {"N": 100, "iss": 1, "lr": 0.7832746720704128, "ridge": 0.415414854933765, "seed": 1234, "sr": 3.371672068491263}}