{"returned_dict": {"loss": 0.3487560816572203, "status": "ok", "start_time": 1653726057.637998, "duration": 205.53850483894348}, "current_params": {"N": 100, "iss": 1, "lr": 0.417841733559132, "ridge": 0.411698578404758, "seed": 1234, "sr": 3.820077884505931}}