{"returned_dict": {"loss": 0.35047900887796557, "status": "ok", "start_time": 1653728326.86181, "duration": 205.6974859237671}, "current_params": {"N": 100, "iss": 1, "lr": 0.5253056699445712, "ridge": 6.946026939116771e-06, "seed": 1234, "sr": 3.842702234568345}}