{"returned_dict": {"loss": 0.35585343833074184, "status": "ok", "start_time": 1653729784.516171, "duration": 206.9071650505066}, "current_params": {"N": 100, "iss": 1, "lr": 0.514506323967813, "ridge": 2.635595856198379e-08, "seed": 1234, "sr": 4.010982021383667}}