{"returned_dict": {"loss": 0.35500576816973467, "status": "ok", "start_time": 1653730618.485522, "duration": 215.85821294784546}, "current_params": {"N": 100, "iss": 1, "lr": 0.8039005499816568, "ridge": 0.04030283150185742, "seed": 1234, "sr": 3.500616600803776}}