{"returned_dict": {"loss": 0.36234889903195067, "status": "ok", "start_time": 1653728741.171412, "duration": 204.95563006401062}, "current_params": {"N": 100, "iss": 1, "lr": 0.9659329682699836, "ridge": 4.4239067670911546e-05, "seed": 1234, "sr": 3.412320504905513}}