{"returned_dict": {"loss": 0.36463610372673927, "status": "ok", "start_time": 1653728532.5638368, "duration": 208.60352325439453}, "current_params": {"N": 100, "iss": 1, "lr": 0.7680564458394701, "ridge": 7.945704847443007e-08, "seed": 1234, "sr": 3.7862766369117145}}