{"returned_dict": {"loss": 0.36622611225359886, "status": "ok", "start_time": 1653727282.020819, "duration": 223.28853011131287}, "current_params": {"N": 100, "iss": 1, "lr": 0.5284512944993365, "ridge": 0.061351015066785454, "seed": 1234, "sr": 4.323083137832754}}