{"returned_dict": {"loss": 0.37074283994582935, "status": "ok", "start_time": 1653718157.5346189, "duration": 203.18344116210938}, "current_params": {"N": 100, "iss": 1, "lr": 0.6478866146364715, "ridge": 7.216293264111262e-07, "seed": 1234, "sr": 4.253225916978707}}