{"returned_dict": {"loss": 0.3874529768771631, "status": "ok", "start_time": 1653718765.7284548, "duration": 203.3431990146637}, "current_params": {"N": 100, "iss": 1, "lr": 0.5870852818901827, "ridge": 2.065351398161763e-05, "seed": 1234, "sr": 5.121547385840214}}