{"returned_dict": {"loss": 0.3812133219641872, "status": "ok", "start_time": 1653711619.2183402, "duration": 211.88819670677185}, "current_params": {"N": 100, "iss": 1, "lr": 0.8955339629253539, "ridge": 0.0009140121764063821, "seed": 1234, "sr": 4.239462667878078}}