{"returned_dict": {"loss": 0.3896122786778352, "status": "ok", "start_time": 1653725642.9112809, "duration": 208.11653804779053}, "current_params": {"N": 100, "iss": 1, "lr": 0.5413969370555028, "ridge": 4.430461687702706e-07, "seed": 1234, "sr": 5.427133907930083}}