{"returned_dict": {"loss": 0.3845187340121382, "status": "ok", "start_time": 1653714881.6304379, "duration": 210.2034182548523}, "current_params": {"N": 100, "iss": 1, "lr": 0.283855826809146, "ridge": 0.7978067302659052, "seed": 1234, "sr": 5.62982918763327}}