{"returned_dict": {"loss": 0.3891733961980238, "status": "ok", "start_time": 1653718360.722767, "duration": 202.55257201194763}, "current_params": {"N": 100, "iss": 1, "lr": 0.3214890425366524, "ridge": 0.9701082363437409, "seed": 1234, "sr": 5.936975959417285}}