{"returned_dict": {"loss": 0.3900988112554547, "status": "ok", "start_time": 1653716939.5772328, "duration": 203.24035716056824}, "current_params": {"N": 100, "iss": 1, "lr": 0.9912381448519736, "ridge": 2.1061798432178793e-07, "seed": 1234, "sr": 3.8865559798033855}}