{"returned_dict": {"loss": 0.39674976174951093, "status": "ok", "start_time": 1653725020.0820138, "duration": 207.72501730918884}, "current_params": {"N": 100, "iss": 1, "lr": 0.813859699145161, "ridge": 0.055366930133195984, "seed": 1234, "sr": 4.887538678639142}}