{"returned_dict": {"loss": 0.39420173546672016, "status": "ok", "start_time": 1653725851.034922, "duration": 206.5982630252838}, "current_params": {"N": 100, "iss": 1, "lr": 0.7953692794898969, "ridge": 2.7719816774044105e-08, "seed": 1234, "sr": 4.797501522420771}}