{"returned_dict": {"loss": 0.39147063249235087, "status": "ok", "start_time": 1653727078.430463, "duration": 203.58641982078552}, "current_params": {"N": 100, "iss": 1, "lr": 0.2629783693605944, "ridge": 3.334612472683367e-05, "seed": 1234, "sr": 6.405631733708306}}