{"returned_dict": {"loss": 0.39348698399959875, "status": "ok", "start_time": 1653721279.862452, "duration": 209.82094192504883}, "current_params": {"N": 100, "iss": 1, "lr": 0.4860407102704344, "ridge": 0.03162804632421898, "seed": 1234, "sr": 5.807042260386451}}