{"returned_dict": {"loss": 0.4078998846366053, "status": "ok", "start_time": 1653726874.2660952, "duration": 204.16038489341736}, "current_params": {"N": 100, "iss": 1, "lr": 0.45859711141964243, "ridge": 0.0013940630480170605, "seed": 1234, "sr": 8.465299837273056}}