{"returned_dict": {"loss": 0.4055048402467774, "status": "ok", "start_time": 1653723757.199955, "duration": 212.21974897384644}, "current_params": {"N": 100, "iss": 1, "lr": 0.300691191618005, "ridge": 0.034427514967016265, "seed": 1234, "sr": 9.33513593691437}}