{"returned_dict": {"loss": 0.40775191854341175, "status": "ok", "start_time": 1653717955.0444338, "duration": 202.48638534545898}, "current_params": {"N": 100, "iss": 1, "lr": 0.9121125779730439, "ridge": 6.032377580561021e-07, "seed": 1234, "sr": 6.778088950435292}}