{"returned_dict": {"loss": 0.4048678336760796, "status": "ok", "start_time": 1653715091.8379068, "duration": 206.1150200366974}, "current_params": {"N": 100, "iss": 1, "lr": 0.8352952877920286, "ridge": 0.03255875123962038, "seed": 1234, "sr": 5.8148057329782175}}