{"returned_dict": {"loss": 0.40680894818678837, "status": "ok", "start_time": 1653727505.314743, "duration": 203.96969389915466}, "current_params": {"N": 100, "iss": 1, "lr": 0.5031983746601071, "ridge": 0.05261283264159346, "seed": 1234, "sr": 7.758293533637446}}