{"returned_dict": {"loss": 0.40569544063800966, "status": "ok", "start_time": 1653717549.438685, "duration": 203.1198010444641}, "current_params": {"N": 100, "iss": 1, "lr": 0.7425724302097408, "ridge": 0.0024233291705635053, "seed": 1234, "sr": 6.297367885325903}}