{"returned_dict": {"loss": 0.4088428549932287, "status": "ok", "start_time": 1653715912.7312472, "duration": 205.13613271713257}, "current_params": {"N": 100, "iss": 1, "lr": 0.6119923867612882, "ridge": 0.0034022692779215125, "seed": 1234, "sr": 9.935678068530677}}