{"returned_dict": {"loss": 0.40872498369865073, "status": "ok", "start_time": 1653726263.1827168, "duration": 203.44475436210632}, "current_params": {"N": 100, "iss": 1, "lr": 0.9526758159663616, "ridge": 0.5716287430188004, "seed": 1234, "sr": 7.758951609127679}}