{"returned_dict": {"loss": 0.4076365551487185, "status": "ok", "start_time": 1653724813.488039, "duration": 206.58925986289978}, "current_params": {"N": 100, "iss": 1, "lr": 0.4301157417457465, "ridge": 4.2571829873099076e-05, "seed": 1234, "sr": 8.58503048858559}}