{"returned_dict": {"loss": 0.4866705121131565, "status": "ok", "start_time": 1653762759.283128, "duration": 208.72710609436035}, "current_params": {"N": 100, "iss": 1, "lr": 0.8698338251746007, "ridge": 0.012855459727103804, "seed": 1234, "sr": 0.17666879307178834}}