{"returned_dict": {"loss": 0.48645984852284696, "status": "ok", "start_time": 1653770797.873707, "duration": 206.25299715995789}, "current_params": {"N": 100, "iss": 1, "lr": 0.8295840924299327, "ridge": 0.018651950032474614, "seed": 1234, "sr": 0.2540780388815032}}