{"returned_dict": {"loss": 0.48674825700958024, "status": "ok", "start_time": 1653768058.388743, "duration": 210.06848812103271}, "current_params": {"N": 100, "iss": 1, "lr": 0.6664437562120542, "ridge": 0.0026476330129738255, "seed": 1234, "sr": 0.7662429272764988}}