{"returned_dict": {"loss": 0.4884711842303256, "status": "ok", "start_time": 1653763177.808579, "duration": 210.24072408676147}, "current_params": {"N": 100, "iss": 1, "lr": 0.3759810167873747, "ridge": 0.0017255150536279764, "seed": 1234, "sr": 0.1960863616738424}}