{"returned_dict": {"loss": 0.48708431559412146, "status": "ok", "start_time": 1653758589.103808, "duration": 207.75350618362427}, "current_params": {"N": 100, "iss": 1, "lr": 0.7732321956643607, "ridge": 0.04372371541874365, "seed": 1234, "sr": 0.1344539998847529}}