{"returned_dict": {"loss": 0.48717209209008383, "status": "ok", "start_time": 1653767632.152179, "duration": 206.5990629196167}, "current_params": {"N": 100, "iss": 1, "lr": 0.9096440724822561, "ridge": 7.447722603778934e-06, "seed": 1234, "sr": 0.5549558075476853}}