{"returned_dict": {"loss": 0.4891458092992928, "status": "ok", "start_time": 1653776899.6099358, "duration": 209.78115034103394}, "current_params": {"N": 100, "iss": 1, "lr": 0.16860433141197817, "ridge": 0.04763910633398154, "seed": 1234, "sr": 0.7896847906676631}}