{"returned_dict": {"loss": 0.4887445453177509, "status": "ok", "start_time": 1653769112.687244, "duration": 210.50979614257812}, "current_params": {"N": 100, "iss": 1, "lr": 0.24313451152270027, "ridge": 2.7589126509717347e-07, "seed": 1234, "sr": 1.1325621770829872}}