{"returned_dict": {"loss": 0.48726739228569993, "status": "ok", "start_time": 1653767218.7206862, "duration": 207.7188868522644}, "current_params": {"N": 100, "iss": 1, "lr": 0.922507056545535, "ridge": 8.727011638093888e-06, "seed": 1234, "sr": 0.719884632078453}}