{"returned_dict": {"loss": 0.4870542207955058, "status": "ok", "start_time": 1653757550.834686, "duration": 209.18273782730103}, "current_params": {"N": 100, "iss": 1, "lr": 0.6558947661457027, "ridge": 3.8840803323100457e-08, "seed": 1234, "sr": 0.1967549080185529}}