{"returned_dict": {"loss": 0.487157044690776, "status": "ok", "start_time": 1653761087.2591841, "duration": 214.1225438117981}, "current_params": {"N": 100, "iss": 1, "lr": 0.9783999079650252, "ridge": 0.0050623966736001785, "seed": 1234, "sr": 0.7845979877669707}}