{"returned_dict": {"loss": 0.48698149169885135, "status": "ok", "start_time": 1653757760.0210938, "duration": 206.36345529556274}, "current_params": {"N": 100, "iss": 1, "lr": 0.6332080719932267, "ridge": 4.985823909759406e-07, "seed": 1234, "sr": 0.6420300277845739}}