{"returned_dict": {"loss": 0.4866755279129257, "status": "ok", "start_time": 1653762552.6907141, "duration": 206.58825182914734}, "current_params": {"N": 100, "iss": 1, "lr": 0.56243941069246, "ridge": 0.6103858824567765, "seed": 1234, "sr": 0.7940274759664013}}