{"returned_dict": {"loss": 0.48945929678487243, "status": "ok", "start_time": 1653759218.688108, "duration": 209.21997594833374}, "current_params": {"N": 100, "iss": 1, "lr": 0.3414922783394838, "ridge": 2.138370029824911e-08, "seed": 1234, "sr": 0.11732940592589199}}