{"returned_dict": {"loss": 0.4868159703064654, "status": "ok", "start_time": 1653767426.443379, "duration": 205.70492315292358}, "current_params": {"N": 100, "iss": 1, "lr": 0.8017668893913816, "ridge": 0.0005578441901381252, "seed": 1234, "sr": 0.804851055167372}}