{"returned_dict": {"loss": 0.486790891307619, "status": "ok", "start_time": 1653764020.936987, "duration": 208.69143915176392}, "current_params": {"N": 100, "iss": 1, "lr": 0.8634637566669967, "ridge": 0.009423629811257507, "seed": 1234, "sr": 0.11128109632127729}}