{"returned_dict": {"loss": 0.4866579726137332, "status": "ok", "start_time": 1653757341.15239, "duration": 209.67852902412415}, "current_params": {"N": 100, "iss": 1, "lr": 0.8748374337220912, "ridge": 0.0007345025322144091, "seed": 1234, "sr": 0.3988804118550785}}