{"returned_dict": {"loss": 0.48699653909815915, "status": "ok", "start_time": 1653773744.119696, "duration": 211.362291097641}, "current_params": {"N": 100, "iss": 1, "lr": 0.5617270134863368, "ridge": 0.06867109465979375, "seed": 1234, "sr": 0.6750075624242844}}