{"returned_dict": {"loss": 0.4866328936148869, "status": "ok", "start_time": 1653767013.7697542, "duration": 204.94616985321045}, "current_params": {"N": 100, "iss": 1, "lr": 0.8899787352906039, "ridge": 0.00011166391818915798, "seed": 1234, "sr": 0.1587729246717265}}