{"returned_dict": {"loss": 0.48766614836735717, "status": "ok", "start_time": 1653774799.707406, "duration": 209.95738816261292}, "current_params": {"N": 100, "iss": 1, "lr": 0.3974733145135205, "ridge": 8.190928128725918e-08, "seed": 1234, "sr": 0.29303060719953083}}