{"returned_dict": {"loss": 0.48970757887345134, "status": "ok", "start_time": 1653760880.015201, "duration": 207.2403609752655}, "current_params": {"N": 100, "iss": 1, "lr": 0.21526920633373464, "ridge": 0.06292734536614276, "seed": 1234, "sr": 0.3093336013325798}}