{"returned_dict": {"loss": 0.48715202889100667, "status": "ok", "start_time": 1653764872.8632698, "duration": 215.11711835861206}, "current_params": {"N": 100, "iss": 1, "lr": 0.8859269413156974, "ridge": 0.0004921253337007456, "seed": 1234, "sr": 0.6041154697837957}}