{"returned_dict": {"loss": 0.487681195766665, "status": "ok", "start_time": 1653773533.3208818, "duration": 210.79411506652832}, "current_params": {"N": 100, "iss": 1, "lr": 0.4993075682477247, "ridge": 0.00042009037903824266, "seed": 1234, "sr": 0.1877221467604156}}