{"returned_dict": {"loss": 0.4866203541154637, "status": "ok", "start_time": 1653764661.4039779, "duration": 211.45562291145325}, "current_params": {"N": 100, "iss": 1, "lr": 0.9453011060824316, "ridge": 0.1319506674843603, "seed": 1234, "sr": 0.27949884166405564}}