{"returned_dict": {"loss": 0.48733761348246973, "status": "ok", "start_time": 1653761720.709731, "duration": 207.65459895133972}, "current_params": {"N": 100, "iss": 1, "lr": 0.4355764454803339, "ridge": 0.05196453032465348, "seed": 1234, "sr": 0.7034710719137631}}