{"returned_dict": {"loss": 0.4865727040176556, "status": "ok", "start_time": 1653775639.720166, "duration": 209.94796109199524}, "current_params": {"N": 100, "iss": 1, "lr": 0.948826921060377, "ridge": 1.75512575540449e-08, "seed": 1234, "sr": 0.2929970557957011}}