{"returned_dict": {"loss": 0.4887545769172895, "status": "ok", "start_time": 1653777529.277654, "duration": 209.72601103782654}, "current_params": {"N": 100, "iss": 1, "lr": 0.3665471961469463, "ridge": 0.19038791180438008, "seed": 1234, "sr": 0.19275402679987705}}