{"returned_dict": {"loss": 0.48716958419019907, "status": "ok", "start_time": 1653776480.0151622, "duration": 209.4724898338318}, "current_params": {"N": 100, "iss": 1, "lr": 0.8073376276943336, "ridge": 0.00010561086300453902, "seed": 1234, "sr": 0.5542395922145654}}