{"returned_dict": {"loss": 0.48940663088729497, "status": "ok", "start_time": 1653777109.396682, "duration": 209.48049879074097}, "current_params": {"N": 100, "iss": 1, "lr": 0.5811991628097807, "ridge": 0.8695025722989431, "seed": 1234, "sr": 0.12774901941014705}}