{"returned_dict": {"loss": 0.48741285047900884, "status": "ok", "start_time": 1653777950.139144, "duration": 209.92693614959717}, "current_params": {"N": 100, "iss": 1, "lr": 0.984938618502931, "ridge": 0.007165256497178327, "seed": 1234, "sr": 0.755366658183041}}