{"returned_dict": {"loss": 0.48749561117520185, "status": "ok", "start_time": 1653774589.449568, "duration": 210.25295495986938}, "current_params": {"N": 100, "iss": 1, "lr": 0.4102711823929387, "ridge": 0.0008976420526031478, "seed": 1234, "sr": 0.7352205201434103}}