{"returned_dict": {"loss": 0.4881953152430155, "status": "ok", "start_time": 1653775849.673078, "duration": 209.75777411460876}, "current_params": {"N": 100, "iss": 1, "lr": 0.25816681245545814, "ridge": 4.649246164396996e-08, "seed": 1234, "sr": 0.4823886773823359}}