{"returned_dict": {"loss": 0.48679590710738835, "status": "ok", "start_time": 1653769964.485446, "duration": 206.24719309806824}, "current_params": {"N": 100, "iss": 1, "lr": 0.849205590191491, "ridge": 0.014580177490677188, "seed": 1234, "sr": 0.438086009358674}}