{"returned_dict": {"loss": 0.48719717108893007, "status": "ok", "start_time": 1653768268.461406, "duration": 210.05863285064697}, "current_params": {"N": 100, "iss": 1, "lr": 0.6810409898336767, "ridge": 2.7905829886419384e-08, "seed": 1234, "sr": 0.12486785416482651}}