{"returned_dict": {"loss": 0.48739278727993185, "status": "ok", "start_time": 1653757966.3884149, "duration": 206.98187494277954}, "current_params": {"N": 100, "iss": 1, "lr": 0.35862068786791046, "ridge": 5.931399352252879e-08, "seed": 1234, "sr": 1.0134620932595129}}