{"returned_dict": {"loss": 0.486349500927923, "status": "ok", "start_time": 1653765087.984426, "duration": 208.62349104881287}, "current_params": {"N": 100, "iss": 1, "lr": 0.7340231498488773, "ridge": 1.2974986333487722e-07, "seed": 1234, "sr": 0.9879552547563749}}