{"returned_dict": {"loss": 0.48688869940311985, "status": "ok", "start_time": 1653759639.794101, "duration": 207.38863801956177}, "current_params": {"N": 100, "iss": 1, "lr": 0.6481937341794874, "ridge": 0.006923358219450842, "seed": 1234, "sr": 0.3684019124650009}}