{"returned_dict": {"loss": 0.48986808446606817, "status": "ok", "start_time": 1653766148.614861, "duration": 211.96156191825867}, "current_params": {"N": 100, "iss": 1, "lr": 0.2229403430738338, "ridge": 0.6842569458100269, "seed": 1234, "sr": 0.318168425125903}}