{"returned_dict": {"loss": 0.4871545367908913, "status": "ok", "start_time": 1653766360.580738, "duration": 218.29427409172058}, "current_params": {"N": 100, "iss": 1, "lr": 0.6780864643690278, "ridge": 6.737519131408643e-06, "seed": 1234, "sr": 0.16131816282355077}}