{"returned_dict": {"loss": 0.4866429252144254, "status": "ok", "start_time": 1653776059.435721, "duration": 209.60308718681335}, "current_params": {"N": 100, "iss": 1, "lr": 0.9219827648621387, "ridge": 2.2164215971626966e-08, "seed": 1234, "sr": 0.12624000439338573}}