{"returned_dict": {"loss": 0.48736018458143154, "status": "ok", "start_time": 1653759011.799304, "duration": 206.8834900856018}, "current_params": {"N": 100, "iss": 1, "lr": 0.49149815828572563, "ridge": 6.989680905532386e-05, "seed": 1234, "sr": 0.44675023072603315}}