{"returned_dict": {"loss": 0.487405326779355, "status": "ok", "start_time": 1653760674.6508029, "duration": 205.3609390258789}, "current_params": {"N": 100, "iss": 1, "lr": 0.4156149639459996, "ridge": 6.678155527136198e-08, "seed": 1234, "sr": 0.4465787592181888}}