{"returned_dict": {"loss": 0.492912674926017, "status": "ok", "start_time": 1653760053.3566442, "duration": 206.25797080993652}, "current_params": {"N": 100, "iss": 1, "lr": 0.11538702095297004, "ridge": 0.17613800987015077, "seed": 1234, "sr": 0.2916898216576355}}