{"returned_dict": {"loss": 0.4919747203691629, "status": "ok", "start_time": 1653765934.4847941, "duration": 214.1236538887024}, "current_params": {"N": 100, "iss": 1, "lr": 0.16250489921889094, "ridge": 5.768018211684398e-07, "seed": 1234, "sr": 0.2113889252319118}}