{"returned_dict": {"loss": 0.4930631489190952, "status": "ok", "start_time": 1653775009.669923, "duration": 210.04356479644775}, "current_params": {"N": 100, "iss": 1, "lr": 0.10118775158193398, "ridge": 2.1736807707307792e-05, "seed": 1234, "sr": 0.37723770732928036}}