{"returned_dict": {"loss": 0.4928449616291317, "status": "ok", "start_time": 1653759847.186599, "duration": 206.16635417938232}, "current_params": {"N": 100, "iss": 1, "lr": 0.1799666632592537, "ridge": 5.459948253151341e-05, "seed": 1234, "sr": 0.13640988650581445}}