{"returned_dict": {"loss": 0.4966419220544716, "status": "ok", "start_time": 1653772267.256073, "duration": 210.1528639793396}, "current_params": {"N": 100, "iss": 1, "lr": 0.142138760158414, "ridge": 4.067606791079526e-06, "seed": 1234, "sr": 1.4800161282662072}}