{"returned_dict": {"loss": 0.49121984250388717, "status": "ok", "start_time": 1653769535.244295, "duration": 217.86508321762085}, "current_params": {"N": 100, "iss": 1, "lr": 0.12489926614540148, "ridge": 4.034409048568335e-06, "seed": 1234, "sr": 0.39882781425266634}}