{"returned_dict": {"loss": 0.4945979836484927, "status": "ok", "start_time": 1653773322.30928, "duration": 211.0072798728943}, "current_params": {"N": 100, "iss": 1, "lr": 0.15638566177027408, "ridge": 0.025839855098047905, "seed": 1234, "sr": 0.10531646980356671}}