{"returned_dict": {"loss": 0.49725635752620756, "status": "ok", "start_time": 1653771004.130351, "duration": 206.28582882881165}, "current_params": {"N": 100, "iss": 1, "lr": 0.11450869071154818, "ridge": 3.573691311193088e-05, "seed": 1234, "sr": 0.10408568475056201}}