{"returned_dict": {"loss": 0.4904549330390731, "status": "ok", "start_time": 1653775219.718518, "duration": 209.54515600204468}, "current_params": {"N": 100, "iss": 1, "lr": 0.2659156294084546, "ridge": 0.06302596249744999, "seed": 1234, "sr": 0.13639186974628303}}