{"returned_dict": {"loss": 0.4909314340171541, "status": "ok", "start_time": 1653772052.850382, "duration": 214.4016797542572}, "current_params": {"N": 100, "iss": 1, "lr": 0.1287576900364984, "ridge": 1.5253158371701975e-06, "seed": 1234, "sr": 0.5670841972687884}}