{"returned_dict": {"loss": 0.49386066108240956, "status": "ok", "start_time": 1653768478.5240252, "duration": 211.388014793396}, "current_params": {"N": 100, "iss": 1, "lr": 0.15201639217880009, "ridge": 0.00018651884518440948, "seed": 1234, "sr": 0.14221306286582197}}