{"returned_dict": {"loss": 0.508564478106034, "status": "ok", "start_time": 1653765296.6120372, "duration": 211.82960891723633}, "current_params": {"N": 100, "iss": 1, "lr": 0.2865987483939913, "ridge": 3.1312928456182538e-06, "seed": 1234, "sr": 1.8030975351205243}}