{"returned_dict": {"loss": 0.50572804333651, "status": "ok", "start_time": 1653764448.8866382, "duration": 212.51309490203857}, "current_params": {"N": 100, "iss": 1, "lr": 0.16965755042842334, "ridge": 3.569751723147657e-05, "seed": 1234, "sr": 1.8317179368006853}}