{"returned_dict": {"loss": 0.5108391433013993, "status": "ok", "start_time": 1653776689.493377, "duration": 210.11216497421265}, "current_params": {"N": 100, "iss": 1, "lr": 0.4325349489406255, "ridge": 1.5364265391726116e-08, "seed": 1234, "sr": 1.824744216245066}}