{"returned_dict": {"loss": 0.5235441641169685, "status": "ok", "start_time": 1653766578.878902, "duration": 216.19453287124634}, "current_params": {"N": 100, "iss": 1, "lr": 0.3861745120748681, "ridge": 0.0013575963204109712, "seed": 1234, "sr": 2.2087556032858324}}