{"returned_dict": {"loss": 0.5295631238400963, "status": "ok", "start_time": 1653777318.882596, "duration": 210.38995695114136}, "current_params": {"N": 100, "iss": 1, "lr": 0.20838507340730156, "ridge": 8.395870027190427e-08, "seed": 1234, "sr": 2.3864801668707125}}