{"returned_dict": {"loss": 0.5353237698751065, "status": "ok", "start_time": 1653758381.2658958, "duration": 207.83416032791138}, "current_params": {"N": 100, "iss": 1, "lr": 0.17357224775694025, "ridge": 0.9460142519299324, "seed": 1234, "sr": 2.501250505893356}}