{"returned_dict": {"loss": 0.5308195816822993, "status": "ok", "start_time": 1653768900.979321, "duration": 211.70400500297546}, "current_params": {"N": 100, "iss": 1, "lr": 0.6052003390634023, "ridge": 0.06544312677572366, "seed": 1234, "sr": 2.2656994939566566}}