{"returned_dict": {"loss": 0.5386216582234037, "status": "ok", "start_time": 1653761511.076247, "duration": 209.629812002182}, "current_params": {"N": 100, "iss": 1, "lr": 0.7500587276340394, "ridge": 1.6461361107505558e-07, "seed": 1234, "sr": 2.2949279854112246}}