{"returned_dict": {"loss": 0.5405075989366506, "status": "ok", "start_time": 1653767838.755594, "duration": 219.62787985801697}, "current_params": {"N": 100, "iss": 1, "lr": 0.7048293563582333, "ridge": 0.06781417531999202, "seed": 1234, "sr": 2.3986630672095806}}