{"returned_dict": {"loss": 0.5489015398505291, "status": "ok", "start_time": 1653758796.8609548, "duration": 214.93483328819275}, "current_params": {"N": 100, "iss": 1, "lr": 0.1486700869997656, "ridge": 0.014826769663391578, "seed": 1234, "sr": 2.7963839921217097}}