{"returned_dict": {"loss": 0.56956412700005, "status": "ok", "start_time": 1653761928.3680089, "duration": 205.84968209266663}, "current_params": {"N": 100, "iss": 1, "lr": 0.4242104575566348, "ridge": 0.004740110810254539, "seed": 1234, "sr": 3.37379899629218}}