{"returned_dict": {"loss": 0.5695841901991272, "status": "ok", "start_time": 1653759427.9117298, "duration": 211.8787031173706}, "current_params": {"N": 100, "iss": 1, "lr": 0.19434755534182171, "ridge": 0.0007331942987673308, "seed": 1234, "sr": 3.649015157169672}}