{"returned_dict": {"loss": 0.5681446556653459, "status": "ok", "start_time": 1653768689.9158962, "duration": 211.05957674980164}, "current_params": {"N": 100, "iss": 1, "lr": 0.5097965858789029, "ridge": 2.322748936196124e-05, "seed": 1234, "sr": 3.186360869030542}}