{"returned_dict": {"loss": 0.5637182123689622, "status": "ok", "start_time": 1653777739.007961, "duration": 211.12386393547058}, "current_params": {"N": 100, "iss": 1, "lr": 0.9114726558915696, "ridge": 1.8939665584220122e-08, "seed": 1234, "sr": 2.507555840646778}}