{"returned_dict": {"loss": 0.5662587149520992, "status": "ok", "start_time": 1653769753.113088, "duration": 211.36819100379944}, "current_params": {"N": 100, "iss": 1, "lr": 0.9734480364155067, "ridge": 7.340216238203811e-07, "seed": 1234, "sr": 2.209428779498708}}