{"returned_dict": {"loss": 0.5764583437829162, "status": "ok", "start_time": 1653765508.445271, "duration": 210.6933581829071}, "current_params": {"N": 100, "iss": 1, "lr": 0.3510186183330857, "ridge": 1.1856837401242413e-07, "seed": 1234, "sr": 3.7051517230044713}}