{"returned_dict": {"loss": 0.5712444199227568, "status": "ok", "start_time": 1653758173.373857, "duration": 207.88786005973816}, "current_params": {"N": 100, "iss": 1, "lr": 0.49774905851720797, "ridge": 1.9417480108927425e-07, "seed": 1234, "sr": 3.231876230951955}}