{"returned_dict": {"loss": 0.5804082861012189, "status": "ok", "start_time": 1653771624.640091, "duration": 209.9980709552765}, "current_params": {"N": 100, "iss": 1, "lr": 0.417841733559132, "ridge": 0.411698578404758, "seed": 1234, "sr": 3.820077884505931}}