{"returned_dict": {"loss": 0.5865601645182325, "status": "ok", "start_time": 1653765719.142376, "duration": 215.33808994293213}, "current_params": {"N": 100, "iss": 1, "lr": 0.7832746720704128, "ridge": 0.415414854933765, "seed": 1234, "sr": 3.371672068491263}}