{"returned_dict": {"loss": 0.5881150624467072, "status": "ok", "start_time": 1653762134.2217312, "duration": 207.5293996334076}, "current_params": {"N": 100, "iss": 1, "lr": 0.9367973901512695, "ridge": 1.536006142235669e-06, "seed": 1234, "sr": 3.0352808073755595}}