{"returned_dict": {"loss": 0.5845488288107539, "status": "ok", "start_time": 1653773955.486544, "duration": 210.96381521224976}, "current_params": {"N": 100, "iss": 1, "lr": 0.5253056699445712, "ridge": 6.946026939116771e-06, "seed": 1234, "sr": 3.842702234568345}}