{"returned_dict": {"loss": 0.5888323218137131, "status": "ok", "start_time": 1653776269.0439968, "duration": 210.9669210910797}, "current_params": {"N": 100, "iss": 1, "lr": 0.8039005499816568, "ridge": 0.04030283150185742, "seed": 1234, "sr": 3.500616600803776}}