{"returned_dict": {"loss": 0.5879269699553594, "status": "ok", "start_time": 1653775429.268472, "duration": 210.4473419189453}, "current_params": {"N": 100, "iss": 1, "lr": 0.514506323967813, "ridge": 2.635595856198379e-08, "seed": 1234, "sr": 4.010982021383667}}