{"returned_dict": {"loss": 0.5946280784471083, "status": "ok", "start_time": 1653774166.455812, "duration": 211.94542598724365}, "current_params": {"N": 100, "iss": 1, "lr": 0.7680564458394701, "ridge": 7.945704847443007e-08, "seed": 1234, "sr": 3.7862766369117145}}