{"returned_dict": {"loss": 0.6031323669559112, "status": "ok", "start_time": 1653763598.406661, "duration": 213.04923605918884}, "current_params": {"N": 100, "iss": 1, "lr": 0.6478866146364715, "ridge": 7.216293264111262e-07, "seed": 1234, "sr": 4.253225916978707}}