{"returned_dict": {"loss": 0.60500326026985, "status": "ok", "start_time": 1653774378.4058418, "duration": 211.03957605361938}, "current_params": {"N": 100, "iss": 1, "lr": 0.9659329682699836, "ridge": 4.4239067670911546e-05, "seed": 1234, "sr": 3.412320504905513}}