{"returned_dict": {"loss": 0.6014194713347043, "status": "ok", "start_time": 1653772899.7868512, "duration": 211.72451782226562}, "current_params": {"N": 100, "iss": 1, "lr": 0.5284512944993365, "ridge": 0.061351015066785454, "seed": 1234, "sr": 4.323083137832754}}