{"returned_dict": {"loss": 0.6160982093594825, "status": "ok", "start_time": 1653764229.6327932, "duration": 219.24784994125366}, "current_params": {"N": 100, "iss": 1, "lr": 0.5870852818901827, "ridge": 2.065351398161763e-05, "seed": 1234, "sr": 5.121547385840214}}