{"returned_dict": {"loss": 0.6172468275066458, "status": "ok", "start_time": 1653757133.2521422, "duration": 207.89634084701538}, "current_params": {"N": 100, "iss": 1, "lr": 0.8955339629253539, "ridge": 0.0009140121764063821, "seed": 1234, "sr": 4.239462667878078}}