{"returned_dict": {"loss": 0.6174875858955711, "status": "ok", "start_time": 1653762341.75526, "duration": 210.93090796470642}, "current_params": {"N": 100, "iss": 1, "lr": 0.9912381448519736, "ridge": 2.1061798432178793e-07, "seed": 1234, "sr": 3.8865559798033855}}