{"returned_dict": {"loss": 0.6156267241811707, "status": "ok", "start_time": 1653760259.618179, "duration": 206.9024817943573}, "current_params": {"N": 100, "iss": 1, "lr": 0.283855826809146, "ridge": 0.7978067302659052, "seed": 1234, "sr": 5.62982918763327}}