{"returned_dict": {"loss": 0.6173571751015698, "status": "ok", "start_time": 1653763811.4599092, "duration": 209.4734079837799}, "current_params": {"N": 100, "iss": 1, "lr": 0.3214890425366524, "ridge": 0.9701082363437409, "seed": 1234, "sr": 5.936975959417285}}