{"returned_dict": {"loss": 0.6187967096353513, "status": "ok", "start_time": 1653771210.4206169, "duration": 207.1270899772644}, "current_params": {"N": 100, "iss": 1, "lr": 0.5413969370555028, "ridge": 4.430461687702706e-07, "seed": 1234, "sr": 5.427133907930083}}