{"returned_dict": {"loss": 0.6223654511711892, "status": "ok", "start_time": 1653770588.302252, "duration": 209.56672477722168}, "current_params": {"N": 100, "iss": 1, "lr": 0.813859699145161, "ridge": 0.055366930133195984, "seed": 1234, "sr": 4.887538678639142}}