{"returned_dict": {"loss": 0.6210237247329087, "status": "ok", "start_time": 1653771417.551511, "duration": 207.0818910598755}, "current_params": {"N": 100, "iss": 1, "lr": 0.7953692794898969, "ridge": 2.7719816774044105e-08, "seed": 1234, "sr": 4.797501522420771}}