{"returned_dict": {"loss": 0.622801825751116, "status": "ok", "start_time": 1653772688.790655, "duration": 210.99093317985535}, "current_params": {"N": 100, "iss": 1, "lr": 0.2629783693605944, "ridge": 3.334612472683367e-05, "seed": 1234, "sr": 6.405631733708306}}