{"returned_dict": {"loss": 0.6233786427245824, "status": "ok", "start_time": 1653766795.0787368, "duration": 218.68555808067322}, "current_params": {"N": 100, "iss": 1, "lr": 0.4860407102704344, "ridge": 0.03162804632421898, "seed": 1234, "sr": 5.807042260386451}}