{"returned_dict": {"loss": 0.6398154185684908, "status": "ok", "start_time": 1653762968.013824, "duration": 209.7907190322876}, "current_params": {"N": 100, "iss": 1, "lr": 0.7425724302097408, "ridge": 0.0024233291705635053, "seed": 1234, "sr": 6.297367885325903}}