{"returned_dict": {"loss": 0.638433565732056, "status": "ok", "start_time": 1653760466.5242581, "duration": 208.12263584136963}, "current_params": {"N": 100, "iss": 1, "lr": 0.8352952877920286, "ridge": 0.03255875123962038, "seed": 1234, "sr": 5.8148057329782175}}