{"returned_dict": {"loss": 0.647301499724131, "status": "ok", "start_time": 1653773111.5155919, "duration": 210.78938126564026}, "current_params": {"N": 100, "iss": 1, "lr": 0.5031983746601071, "ridge": 0.05261283264159346, "seed": 1234, "sr": 7.758293533637446}}