{"returned_dict": {"loss": 0.6517103877213222, "status": "ok", "start_time": 1653772477.414407, "duration": 211.372132062912}, "current_params": {"N": 100, "iss": 1, "lr": 0.45859711141964243, "ridge": 0.0013940630480170605, "seed": 1234, "sr": 8.465299837273056}}