{"returned_dict": {"loss": 0.6549079600742338, "status": "ok", "start_time": 1653769323.201399, "duration": 212.03897285461426}, "current_params": {"N": 100, "iss": 1, "lr": 0.300691191618005, "ridge": 0.034427514967016265, "seed": 1234, "sr": 9.33513593691437}}