{"returned_dict": {"loss": 0.653187540753373, "status": "ok", "start_time": 1653763388.053262, "duration": 210.34972596168518}, "current_params": {"N": 100, "iss": 1, "lr": 0.9121125779730439, "ridge": 6.032377580561021e-07, "seed": 1234, "sr": 6.778088950435292}}