{"returned_dict": {"loss": 0.66118021768571, "status": "ok", "start_time": 1653761301.3861172, "duration": 209.68207788467407}, "current_params": {"N": 100, "iss": 1, "lr": 0.6119923867612882, "ridge": 0.0034022692779215125, "seed": 1234, "sr": 9.935678068530677}}