{"returned_dict": {"loss": 0.6614109444750966, "status": "ok", "start_time": 1653771834.6485639, "duration": 218.19187211990356}, "current_params": {"N": 100, "iss": 1, "lr": 0.9526758159663616, "ridge": 0.5716287430188004, "seed": 1234, "sr": 7.758951609127679}}