{"returned_dict": {"loss": 0.3056227115413553, "status": "ok", "start_time": 1653752781.0068321, "duration": 210.3356478214264}, "current_params": {"N": 100, "iss": 1.0137413181718307, "lr": 0.1287576900364984, "ridge": 9.43604896565303e-06, "seed": 1234, "sr": 0.5670841972687884}}