{"returned_dict": {"loss": 0.7039775292170336, "status": "ok", "start_time": 1653608844.7685409, "duration": 226.54304814338684}, "current_params": {"N": 100, "iss": 1, "lr": 0.2229403430738338, "ridge": 0.6842569458100269, "seed": 1234, "sr": 0.318168425125903}}