{"returned_dict": {"loss": 0.7097983648492752, "status": "ok", "start_time": 1653622624.959233, "duration": 228.73608708381653}, "current_params": {"N": 100, "iss": 1, "lr": 0.3665471961469463, "ridge": 0.19038791180438008, "seed": 1234, "sr": 0.19275402679987705}}