{"returned_dict": {"loss": 0.7080277875307217, "status": "ok", "start_time": 1653615407.734267, "duration": 230.08507800102234}, "current_params": {"N": 100, "iss": 1, "lr": 0.142138760158414, "ridge": 4.067606791079526e-06, "seed": 1234, "sr": 1.4800161282662072}}