{"returned_dict": {"loss": 0.705417063750815, "status": "ok", "start_time": 1653621944.3320398, "duration": 227.39926719665527}, "current_params": {"N": 100, "iss": 1, "lr": 0.16860433141197817, "ridge": 0.04763910633398154, "seed": 1234, "sr": 0.7896847906676631}}