{"returned_dict": {"loss": 0.7049505943722727, "status": "ok", "start_time": 1653620133.842041, "duration": 226.70000290870667}, "current_params": {"N": 100, "iss": 1, "lr": 0.2659156294084546, "ridge": 0.06302596249744999, "seed": 1234, "sr": 0.13639186974628303}}