{"returned_dict": {"loss": 0.7031022721572955, "status": "ok", "start_time": 1653601583.852028, "duration": 228.55231094360352}, "current_params": {"N": 100, "iss": 1, "lr": 0.19434755534182171, "ridge": 0.0007331942987673308, "seed": 1234, "sr": 3.649015157169672}}