{"returned_dict": {"loss": 0.7043612378993831, "status": "ok", "start_time": 1653620812.9470441, "duration": 226.069885969162}, "current_params": {"N": 100, "iss": 1, "lr": 0.25816681245545814, "ridge": 4.649246164396996e-08, "seed": 1234, "sr": 0.4823886773823359}}