{"returned_dict": {"loss": 0.7039198475196871, "status": "ok", "start_time": 1653603181.8259358, "duration": 230.38670206069946}, "current_params": {"N": 100, "iss": 1, "lr": 0.21526920633373464, "ridge": 0.06292734536614276, "seed": 1234, "sr": 0.3093336013325798}}