{"returned_dict": {"loss": 0.7079274715353363, "status": "ok", "start_time": 1653611331.368844, "duration": 225.94119000434875}, "current_params": {"N": 100, "iss": 1, "lr": 0.15201639217880009, "ridge": 0.00018651884518440948, "seed": 1234, "sr": 0.14221306286582197}}