{"returned_dict": {"loss": 0.7066384109946331, "status": "ok", "start_time": 1653608619.270567, "duration": 225.49324202537537}, "current_params": {"N": 100, "iss": 1, "lr": 0.16250489921889094, "ridge": 5.768018211684398e-07, "seed": 1234, "sr": 0.2113889252319118}}