{"returned_dict": {"loss": 0.7074058283593319, "status": "ok", "start_time": 1653606355.7316532, "duration": 226.98139071464539}, "current_params": {"N": 100, "iss": 1, "lr": 0.3214890425366524, "ridge": 0.9701082363437409, "seed": 1234, "sr": 5.936975959417285}}