{"returned_dict": {"loss": 0.7054270953503538, "status": "ok", "start_time": 1653602499.030296, "duration": 227.08565998077393}, "current_params": {"N": 100, "iss": 1, "lr": 0.283855826809146, "ridge": 0.7978067302659052, "seed": 1234, "sr": 5.62982918763327}}