{"returned_dict": {"loss": 0.7048778652756182, "status": "ok", "start_time": 1653615863.175297, "duration": 222.62839698791504}, "current_params": {"N": 100, "iss": 1, "lr": 0.2629783693605944, "ridge": 3.334612472683367e-05, "seed": 1234, "sr": 6.405631733708306}}