{"returned_dict": {"loss": 0.7079550584340673, "status": "ok", "start_time": 1653608167.3763258, "duration": 225.51586508750916}, "current_params": {"N": 100, "iss": 1, "lr": 0.3510186183330857, "ridge": 1.1856837401242413e-07, "seed": 1234, "sr": 3.7051517230044713}}