{"returned_dict": {"loss": 0.7084140041129559, "status": "ok", "start_time": 1653601354.900836, "duration": 228.94660210609436}, "current_params": {"N": 100, "iss": 1, "lr": 0.3414922783394838, "ridge": 2.138370029824911e-08, "seed": 1234, "sr": 0.11732940592589199}}