{"returned_dict": {"loss": 0.7053217635551989, "status": "ok", "start_time": 1653602042.1491, "duration": 228.38374876976013}, "current_params": {"N": 100, "iss": 1, "lr": 0.1799666632592537, "ridge": 5.459948253151341e-05, "seed": 1234, "sr": 0.13640988650581445}}