{"returned_dict": {"loss": 0.7074459547574861, "status": "ok", "start_time": 1653618100.024011, "duration": 225.62125706672668}, "current_params": {"N": 100, "iss": 1, "lr": 0.15638566177027408, "ridge": 0.025839855098047905, "seed": 1234, "sr": 0.10531646980356671}}