{"returned_dict": {"loss": 0.7043110799016904, "status": "ok", "start_time": 1653600454.565592, "duration": 224.03812313079834}, "current_params": {"N": 100, "iss": 1, "lr": 0.17357224775694025, "ridge": 0.9460142519299324, "seed": 1234, "sr": 2.501250505893356}}