{"returned_dict": {"loss": 0.706665997893364, "status": "ok", "start_time": 1653600902.7623549, "duration": 226.23366713523865}, "current_params": {"N": 100, "iss": 1, "lr": 0.1486700869997656, "ridge": 0.014826769663391578, "seed": 1234, "sr": 2.7963839921217097}}