{"returned_dict": {"loss": 0.7030445904599488, "status": "ok", "start_time": 1653622398.467736, "duration": 226.47736716270447}, "current_params": {"N": 100, "iss": 1, "lr": 0.20838507340730156, "ridge": 8.395870027190427e-08, "seed": 1234, "sr": 2.3864801668707125}}