{"returned_dict": {"loss": 0.7046571700857701, "status": "ok", "start_time": 1653607941.346936, "duration": 226.02476906776428}, "current_params": {"N": 100, "iss": 1, "lr": 0.2865987483939913, "ridge": 3.1312928456182538e-06, "seed": 1234, "sr": 1.8030975351205243}}