{"returned_dict": {"loss": 0.7033179515473743, "status": "ok", "start_time": 1653612010.315134, "duration": 225.5517349243164}, "current_params": {"N": 100, "iss": 1, "lr": 0.24313451152270027, "ridge": 2.7589126509717347e-07, "seed": 1234, "sr": 1.1325621770829872}}