{"returned_dict": {"loss": 0.7081682299242613, "status": "ok", "start_time": 1653612235.872071, "duration": 225.80924797058105}, "current_params": {"N": 100, "iss": 1, "lr": 0.300691191618005, "ridge": 0.034427514967016265, "seed": 1234, "sr": 9.33513593691437}}