{"returned_dict": {"loss": 0.7085694939058034, "status": "ok", "start_time": 1653600002.4915562, "duration": 219.7271659374237}, "current_params": {"N": 100, "iss": 1, "lr": 0.35862068786791046, "ridge": 5.931399352252879e-08, "seed": 1234, "sr": 1.0134620932595129}}