{"returned_dict": {"loss": 0.7047700255805789, "status": "ok", "start_time": 1653607035.223326, "duration": 225.25818014144897}, "current_params": {"N": 100, "iss": 1, "lr": 0.16965755042842334, "ridge": 3.569751723147657e-05, "seed": 1234, "sr": 1.8317179368006853}}