{"returned_dict": {"loss": 0.718621156643427, "status": "ok", "start_time": 1653601129.0013828, "duration": 225.89429712295532}, "current_params": {"N": 100, "iss": 1, "lr": 0.49149815828572563, "ridge": 6.989680905532386e-05, "seed": 1234, "sr": 0.44675023072603315}}