{"returned_dict": {"loss": 0.7194512715052415, "status": "ok", "start_time": 1653609523.0044959, "duration": 227.17760729789734}, "current_params": {"N": 100, "iss": 1, "lr": 0.4860407102704344, "ridge": 0.03162804632421898, "seed": 1234, "sr": 5.807042260386451}}