{"returned_dict": {"loss": 0.7191152129207002, "status": "ok", "start_time": 1653615637.825196, "duration": 225.34456706047058}, "current_params": {"N": 100, "iss": 1, "lr": 0.45859711141964243, "ridge": 0.0013940630480170605, "seed": 1234, "sr": 8.465299837273056}}