{"returned_dict": {"loss": 0.7123915333299895, "status": "ok", "start_time": 1653619456.349906, "duration": 225.46270990371704}, "current_params": {"N": 100, "iss": 1, "lr": 0.4102711823929387, "ridge": 0.0008976420526031478, "seed": 1234, "sr": 0.7352205201434103}}