{"returned_dict": {"loss": 0.7129558108040326, "status": "ok", "start_time": 1653602954.601429, "duration": 227.21965098381042}, "current_params": {"N": 100, "iss": 1, "lr": 0.4156149639459996, "ridge": 6.678155527136198e-08, "seed": 1234, "sr": 0.4465787592181888}}