{"returned_dict": {"loss": 0.7150950494056277, "status": "ok", "start_time": 1653614048.149906, "duration": 226.33835911750793}, "current_params": {"N": 100, "iss": 1, "lr": 0.11450869071154818, "ridge": 3.573691311193088e-05, "seed": 1234, "sr": 0.10408568475056201}}