{"returned_dict": {"loss": 0.7166399157345639, "status": "ok", "start_time": 1653613369.484705, "duration": 226.1856598854065}, "current_params": {"N": 100, "iss": 1, "lr": 0.4301157417457465, "ridge": 4.2571829873099076e-05, "seed": 1234, "sr": 8.58503048858559}}