{"returned_dict": {"loss": 0.7134950092792296, "status": "ok", "start_time": 1653621718.203362, "duration": 226.12322211265564}, "current_params": {"N": 100, "iss": 1, "lr": 0.4325349489406255, "ridge": 1.5364265391726116e-08, "seed": 1234, "sr": 1.824744216245066}}