{"returned_dict": {"loss": 0.7116090685659829, "status": "ok", "start_time": 1653619681.819711, "duration": 225.31903791427612}, "current_params": {"N": 100, "iss": 1, "lr": 0.3974733145135205, "ridge": 8.190928128725918e-08, "seed": 1234, "sr": 0.29303060719953083}}