{"returned_dict": {"loss": 0.7196218086973968, "status": "ok", "start_time": 1653611557.315475, "duration": 226.96305513381958}, "current_params": {"N": 100, "iss": 1, "lr": 0.5097965858789029, "ridge": 2.322748936196124e-05, "seed": 1234, "sr": 3.186360869030542}}