{"returned_dict": {"loss": 0.7111551386868638, "status": "ok", "start_time": 1653615181.447104, "duration": 226.2815980911255}, "current_params": {"N": 100, "iss": 1, "lr": 0.1287576900364984, "ridge": 1.5253158371701975e-06, "seed": 1234, "sr": 0.5670841972687884}}