{"returned_dict": {"loss": 0.7125771179214524, "status": "ok", "start_time": 1653614728.243958, "duration": 226.57941198349}, "current_params": {"N": 100, "iss": 1, "lr": 0.417841733559132, "ridge": 0.411698578404758, "seed": 1234, "sr": 3.820077884505931}}