{"returned_dict": {"loss": 0.7127351156141847, "status": "ok", "start_time": 1653604322.580717, "duration": 227.12607598304749}, "current_params": {"N": 100, "iss": 1, "lr": 0.4242104575566348, "ridge": 0.004740110810254539, "seed": 1234, "sr": 3.37379899629218}}