{"returned_dict": {"loss": 0.7193233686111251, "status": "ok", "start_time": 1653618325.651977, "duration": 226.01989793777466}, "current_params": {"N": 100, "iss": 1, "lr": 0.4993075682477247, "ridge": 0.00042009037903824266, "seed": 1234, "sr": 0.1877221467604156}}