{"returned_dict": {"loss": 0.7141520790490044, "status": "ok", "start_time": 1653604093.0945961, "duration": 229.48025584220886}, "current_params": {"N": 100, "iss": 1, "lr": 0.4355764454803339, "ridge": 0.05196453032465348, "seed": 1234, "sr": 0.7034710719137631}}