{"returned_dict": {"loss": 0.7100441390379696, "status": "ok", "start_time": 1653609296.883668, "duration": 226.1144380569458}, "current_params": {"N": 100, "iss": 1, "lr": 0.3861745120748681, "ridge": 0.0013575963204109712, "seed": 1234, "sr": 2.2087556032858324}}