{"returned_dict": {"loss": 0.7187666148367357, "status": "ok", "start_time": 1653600222.223683, "duration": 232.33485579490662}, "current_params": {"N": 100, "iss": 1, "lr": 0.49774905851720797, "ridge": 1.9417480108927425e-07, "seed": 1234, "sr": 3.231876230951955}}