{"returned_dict": {"loss": 0.7122235040377187, "status": "ok", "start_time": 1653612461.686465, "duration": 225.98450899124146}, "current_params": {"N": 100, "iss": 1, "lr": 0.12489926614540148, "ridge": 4.034409048568335e-06, "seed": 1234, "sr": 0.39882781425266634}}