{"returned_dict": {"loss": 0.7103275317249336, "status": "ok", "start_time": 1653605679.02339, "duration": 225.60514402389526}, "current_params": {"N": 100, "iss": 1, "lr": 0.3759810167873747, "ridge": 0.0017255150536279764, "seed": 1234, "sr": 0.1960863616738424}}