{"returned_dict": {"loss": 0.7146210563274316, "status": "ok", "start_time": 1653602270.5377212, "duration": 228.48652482032776}, "current_params": {"N": 100, "iss": 1, "lr": 0.11538702095297004, "ridge": 0.17613800987015077, "seed": 1234, "sr": 0.2916898216576355}}