{"returned_dict": {"loss": 0.7236520038120078, "status": "ok", "start_time": 1653614274.4939651, "duration": 226.42184972763062}, "current_params": {"N": 100, "iss": 1, "lr": 0.5413969370555028, "ridge": 4.430461687702706e-07, "seed": 1234, "sr": 5.427133907930083}}