{"returned_dict": {"loss": 0.7215127652104127, "status": "ok", "start_time": 1653616085.809462, "duration": 1787.5957927703857}, "current_params": {"N": 100, "iss": 1, "lr": 0.5284512944993365, "ridge": 0.061351015066785454, "seed": 1234, "sr": 4.323083137832754}}