{"returned_dict": {"loss": 0.7268295129658424, "status": "ok", "start_time": 1653611784.2837892, "duration": 226.0258276462555}, "current_params": {"N": 100, "iss": 1, "lr": 0.6052003390634023, "ridge": 0.06544312677572366, "seed": 1234, "sr": 2.2656994939566566}}