{"returned_dict": {"loss": 0.7238426042032403, "status": "ok", "start_time": 1653618551.67785, "duration": 225.59781694412231}, "current_params": {"N": 100, "iss": 1, "lr": 0.5617270134863368, "ridge": 0.06867109465979375, "seed": 1234, "sr": 0.6750075624242844}}