{"returned_dict": {"loss": 0.7240407282941266, "status": "ok", "start_time": 1653605001.82671, "duration": 225.68813300132751}, "current_params": {"N": 100, "iss": 1, "lr": 0.56243941069246, "ridge": 0.6103858824567765, "seed": 1234, "sr": 0.7940274759664013}}