{"returned_dict": {"loss": 0.7204494156593269, "status": "ok", "start_time": 1653620360.5506592, "duration": 226.09871673583984}, "current_params": {"N": 100, "iss": 1, "lr": 0.514506323967813, "ridge": 2.635595856198379e-08, "seed": 1234, "sr": 4.010982021383667}}