{"returned_dict": {"loss": 0.7293950945478256, "status": "ok", "start_time": 1653599784.399612, "duration": 218.0860571861267}, "current_params": {"N": 100, "iss": 1, "lr": 0.6332080719932267, "ridge": 4.985823909759406e-07, "seed": 1234, "sr": 0.6420300277845739}}