{"returned_dict": {"loss": 0.721166675026333, "status": "ok", "start_time": 1653618777.2826722, "duration": 226.36576795578003}, "current_params": {"N": 100, "iss": 1, "lr": 0.5253056699445712, "ridge": 6.946026939116771e-06, "seed": 1234, "sr": 3.842702234568345}}