{"returned_dict": {"loss": 0.7254025179314842, "status": "ok", "start_time": 1653622171.7378628, "duration": 226.72409915924072}, "current_params": {"N": 100, "iss": 1, "lr": 0.5811991628097807, "ridge": 0.8695025722989431, "seed": 1234, "sr": 0.12774901941014705}}