{"returned_dict": {"loss": 0.7270752871545367, "status": "ok", "start_time": 1653606809.019064, "duration": 226.19952297210693}, "current_params": {"N": 100, "iss": 1, "lr": 0.5870852818901827, "ridge": 2.065351398161763e-05, "seed": 1234, "sr": 5.121547385840214}}