{"returned_dict": {"loss": 0.7221748507799568, "status": "ok", "start_time": 1653617873.418289, "duration": 226.60048985481262}, "current_params": {"N": 100, "iss": 1, "lr": 0.5031983746601071, "ridge": 0.05261283264159346, "seed": 1234, "sr": 7.758293533637446}}