{"returned_dict": {"loss": 0.7309424687766464, "status": "ok", "start_time": 1653606131.281405, "duration": 224.44026803970337}, "current_params": {"N": 100, "iss": 1, "lr": 0.6478866146364715, "ridge": 7.216293264111262e-07, "seed": 1234, "sr": 4.253225916978707}}