{"returned_dict": {"loss": 0.7328284094898931, "status": "ok", "start_time": 1653611105.42957, "duration": 225.9329080581665}, "current_params": {"N": 100, "iss": 1, "lr": 0.6810409898336767, "ridge": 2.7905829886419384e-08, "seed": 1234, "sr": 0.12486785416482651}}