{"returned_dict": {"loss": 0.7337362692481316, "status": "ok", "start_time": 1653603640.659199, "duration": 226.52378392219543}, "current_params": {"N": 100, "iss": 1, "lr": 0.6119923867612882, "ridge": 0.0034022692779215125, "seed": 1234, "sr": 9.935678068530677}}