{"returned_dict": {"loss": 0.7367808597080804, "status": "ok", "start_time": 1653607715.637395, "duration": 225.70420622825623}, "current_params": {"N": 100, "iss": 1, "lr": 0.7340231498488773, "ridge": 1.2974986333487722e-07, "seed": 1234, "sr": 0.9879552547563749}}