{"returned_dict": {"loss": 0.7344284496162913, "status": "ok", "start_time": 1653610653.8515651, "duration": 225.4874348640442}, "current_params": {"N": 100, "iss": 1, "lr": 0.7048293563582333, "ridge": 0.06781417531999202, "seed": 1234, "sr": 2.3986630672095806}}