{"returned_dict": {"loss": 0.7379520489542057, "status": "ok", "start_time": 1653603867.188614, "duration": 225.90085816383362}, "current_params": {"N": 100, "iss": 1, "lr": 0.7500587276340394, "ridge": 1.6461361107505558e-07, "seed": 1234, "sr": 2.2949279854112246}}