{"returned_dict": {"loss": 0.7309851030746852, "status": "ok", "start_time": 1653599560.322316, "duration": 224.0721390247345}, "current_params": {"N": 100, "iss": 1, "lr": 0.6558947661457027, "ridge": 3.8840803323100457e-08, "seed": 1234, "sr": 0.1967549080185529}}