{"returned_dict": {"loss": 0.7399257661634147, "status": "ok", "start_time": 1653619003.6542258, "duration": 226.62210321426392}, "current_params": {"N": 100, "iss": 1, "lr": 0.7680564458394701, "ridge": 7.945704847443007e-08, "seed": 1234, "sr": 3.7862766369117145}}