{"returned_dict": {"loss": 0.7303480965039876, "status": "ok", "start_time": 1653601812.409526, "duration": 229.7348268032074}, "current_params": {"N": 100, "iss": 1, "lr": 0.6481937341794874, "ridge": 0.006923358219450842, "seed": 1234, "sr": 0.3684019124650009}}