{"returned_dict": {"loss": 0.7398204343682601, "status": "ok", "start_time": 1653600678.6081889, "duration": 224.14701318740845}, "current_params": {"N": 100, "iss": 1, "lr": 0.7732321956643607, "ridge": 0.04372371541874365, "seed": 1234, "sr": 0.1344539998847529}}