{"returned_dict": {"loss": 0.7390655565029844, "status": "ok", "start_time": 1653613141.461791, "duration": 228.01511001586914}, "current_params": {"N": 100, "iss": 1, "lr": 0.7673347950256527, "ridge": 2.59865843887129e-06, "seed": 1234, "sr": 0.9292550193185131}}