{"returned_dict": {"loss": 0.7326177458995836, "status": "ok", "start_time": 1653609071.31698, "duration": 225.55626916885376}, "current_params": {"N": 100, "iss": 1, "lr": 0.6780864643690278, "ridge": 6.737519131408643e-06, "seed": 1234, "sr": 0.16131816282355077}}