{"returned_dict": {"loss": 0.7316522044439986, "status": "ok", "start_time": 1653610879.3452082, "duration": 226.07848978042603}, "current_params": {"N": 100, "iss": 1, "lr": 0.6664437562120542, "ridge": 0.0026476330129738255, "seed": 1234, "sr": 0.7662429272764988}}