{"returned_dict": {"loss": 0.7466544615538948, "status": "ok", "start_time": 1653605227.520208, "duration": 225.20313119888306}, "current_params": {"N": 100, "iss": 1, "lr": 0.8698338251746007, "ridge": 0.012855459727103804, "seed": 1234, "sr": 0.17666879307178834}}