{"returned_dict": {"loss": 0.7452324823193058, "status": "ok", "start_time": 1653612915.115066, "duration": 226.34187388420105}, "current_params": {"N": 100, "iss": 1, "lr": 0.849205590191491, "ridge": 0.014580177490677188, "seed": 1234, "sr": 0.438086009358674}}