{"returned_dict": {"loss": 0.7439434217786026, "status": "ok", "start_time": 1653613821.5281332, "duration": 226.61492586135864}, "current_params": {"N": 100, "iss": 1, "lr": 0.8295840924299327, "ridge": 0.018651950032474614, "seed": 1234, "sr": 0.2540780388815032}}