{"returned_dict": {"loss": 0.742235541957165, "status": "ok", "start_time": 1653621491.4104881, "duration": 226.78611588478088}, "current_params": {"N": 100, "iss": 1, "lr": 0.8073376276943336, "ridge": 0.00010561086300453902, "seed": 1234, "sr": 0.5542395922145654}}