{"returned_dict": {"loss": 0.74772282690475, "status": "ok", "start_time": 1653607489.711738, "duration": 225.92116379737854}, "current_params": {"N": 100, "iss": 1, "lr": 0.8859269413156974, "ridge": 0.0004921253337007456, "seed": 1234, "sr": 0.6041154697837957}}