{"returned_dict": {"loss": 0.7470406781361288, "status": "ok", "start_time": 1653599340.085767, "duration": 220.23123812675476}, "current_params": {"N": 100, "iss": 1, "lr": 0.8748374337220912, "ridge": 0.0007345025322144091, "seed": 1234, "sr": 0.3988804118550785}}