{"returned_dict": {"loss": 0.7417088829813914, "status": "ok", "start_time": 1653610201.545322, "duration": 226.17726111412048}, "current_params": {"N": 100, "iss": 1, "lr": 0.8017668893913816, "ridge": 0.0005578441901381252, "seed": 1234, "sr": 0.804851055167372}}