{"returned_dict": {"loss": 0.7427622009329388, "status": "ok", "start_time": 1653621265.002329, "duration": 226.40286993980408}, "current_params": {"N": 100, "iss": 1, "lr": 0.8039005499816568, "ridge": 0.04030283150185742, "seed": 1234, "sr": 3.500616600803776}}