{"returned_dict": {"loss": 0.7436826001906003, "status": "ok", "start_time": 1653614500.921174, "duration": 227.31600785255432}, "current_params": {"N": 100, "iss": 1, "lr": 0.7953692794898969, "ridge": 2.7719816774044105e-08, "seed": 1234, "sr": 4.797501522420771}}