{"returned_dict": {"loss": 0.7452776245172292, "status": "ok", "start_time": 1653613595.678833, "duration": 225.8441460132599}, "current_params": {"N": 100, "iss": 1, "lr": 0.813859699145161, "ridge": 0.055366930133195984, "seed": 1234, "sr": 4.887538678639142}}