{"returned_dict": {"loss": 0.7410618448111551, "status": "ok", "start_time": 1653608392.899047, "duration": 226.36647701263428}, "current_params": {"N": 100, "iss": 1, "lr": 0.7832746720704128, "ridge": 0.415414854933765, "seed": 1234, "sr": 3.371672068491263}}