{"returned_dict": {"loss": 0.7483247228770626, "status": "ok", "start_time": 1653602726.120332, "duration": 228.4766809940338}, "current_params": {"N": 100, "iss": 1, "lr": 0.8352952877920286, "ridge": 0.03255875123962038, "seed": 1234, "sr": 5.8148057329782175}}