{"returned_dict": {"loss": 0.7481516777850228, "status": "ok", "start_time": 1653609750.1880069, "duration": 225.34624218940735}, "current_params": {"N": 100, "iss": 1, "lr": 0.8899787352906039, "ridge": 0.00011166391818915798, "seed": 1234, "sr": 0.1587729246717265}}