{"returned_dict": {"loss": 0.7462231027737373, "status": "ok", "start_time": 1653606582.7178738, "duration": 226.2961082458496}, "current_params": {"N": 100, "iss": 1, "lr": 0.8634637566669967, "ridge": 0.009423629811257507, "seed": 1234, "sr": 0.11128109632127729}}