{"returned_dict": {"loss": 0.7494056277273412, "status": "ok", "start_time": 1653610427.7296278, "duration": 226.11645317077637}, "current_params": {"N": 100, "iss": 1, "lr": 0.9096440724822561, "ridge": 7.447722603778934e-06, "seed": 1234, "sr": 0.5549558075476853}}