{"returned_dict": {"loss": 0.7412047951045795, "status": "ok", "start_time": 1653605452.728272, "duration": 226.28957200050354}, "current_params": {"N": 100, "iss": 1, "lr": 0.7425724302097408, "ridge": 0.0024233291705635053, "seed": 1234, "sr": 6.297367885325903}}