{"returned_dict": {"loss": 0.756590760896825, "status": "ok", "start_time": 1653605904.633696, "duration": 226.6423647403717}, "current_params": {"N": 100, "iss": 1, "lr": 0.9121125779730439, "ridge": 6.032377580561021e-07, "seed": 1234, "sr": 6.778088950435292}}