{"returned_dict": {"loss": 0.7502558057882329, "status": "ok", "start_time": 1653621039.0225458, "duration": 225.9744393825531}, "current_params": {"N": 100, "iss": 1, "lr": 0.9219827648621387, "ridge": 2.2164215971626966e-08, "seed": 1234, "sr": 0.12624000439338573}}