{"returned_dict": {"loss": 0.75600391232382, "status": "ok", "start_time": 1653619230.283444, "duration": 226.0600471496582}, "current_params": {"N": 100, "iss": 1, "lr": 0.9659329682699836, "ridge": 4.4239067670911546e-05, "seed": 1234, "sr": 3.412320504905513}}