{"returned_dict": {"loss": 0.7528514821688319, "status": "ok", "start_time": 1653604549.711094, "duration": 227.1365430355072}, "current_params": {"N": 100, "iss": 1, "lr": 0.9367973901512695, "ridge": 1.536006142235669e-06, "seed": 1234, "sr": 3.0352808073755595}}