{"returned_dict": {"loss": 0.7518583538145157, "status": "ok", "start_time": 1653607260.491495, "duration": 229.2151231765747}, "current_params": {"N": 100, "iss": 1, "lr": 0.9453011060824316, "ridge": 0.1319506674843603, "seed": 1234, "sr": 0.27949884166405564}}