{"returned_dict": {"loss": 0.7585720018056878, "status": "ok", "start_time": 1653604776.852022, "duration": 224.96982192993164}, "current_params": {"N": 100, "iss": 1, "lr": 0.9912381448519736, "ridge": 2.1061798432178793e-07, "seed": 1234, "sr": 3.8865559798033855}}