{"returned_dict": {"loss": 0.7504564377790038, "status": "ok", "start_time": 1653609975.5395432, "duration": 225.99908185005188}, "current_params": {"N": 100, "iss": 1, "lr": 0.922507056545535, "ridge": 8.727011638093888e-06, "seed": 1234, "sr": 0.719884632078453}}