{"returned_dict": {"loss": 0.7512238551437026, "status": "ok", "start_time": 1653599101.290451, "duration": 238.7896809577942}, "current_params": {"N": 100, "iss": 1, "lr": 0.8955339629253539, "ridge": 0.0009140121764063821, "seed": 1234, "sr": 4.239462667878078}}