{"returned_dict": {"loss": 0.754534282991423, "status": "ok", "start_time": 1653603412.217531, "duration": 228.43658900260925}, "current_params": {"N": 100, "iss": 1, "lr": 0.9783999079650252, "ridge": 0.0050623966736001785, "seed": 1234, "sr": 0.7845979877669707}}