{"returned_dict": {"loss": 0.7504037718814265, "status": "ok", "start_time": 1653622853.70546, "duration": 228.5943808555603}, "current_params": {"N": 100, "iss": 1, "lr": 0.9114726558915696, "ridge": 1.8939665584220122e-08, "seed": 1234, "sr": 2.507555840646778}}