{"returned_dict": {"loss": 0.7549631338716958, "status": "ok", "start_time": 1653623082.3065999, "duration": 227.09012031555176}, "current_params": {"N": 100, "iss": 1, "lr": 0.984938618502931, "ridge": 0.007165256497178327, "seed": 1234, "sr": 0.755366658183041}}