{"returned_dict": {"loss": 0.7549455785725033, "status": "ok", "start_time": 1653612687.677672, "duration": 227.4310851097107}, "current_params": {"N": 100, "iss": 1, "lr": 0.9734480364155067, "ridge": 7.340216238203811e-07, "seed": 1234, "sr": 2.209428779498708}}