{"returned_dict": {"loss": 0.7614310076741736, "status": "ok", "start_time": 1653614954.828785, "duration": 226.61145687103271}, "current_params": {"N": 100, "iss": 1, "lr": 0.9526758159663616, "ridge": 0.5716287430188004, "seed": 1234, "sr": 7.758951609127679}}