{"0.1": {"layer0": {"errors": {"training error": 0.5517262108272812, "testing error": 0.5961729887304916}, "params": {"sr": 2.3864801668707125, "lr": 0.20838507340730156, "iss": 0.1, "ridge": 0.01}}, "layer1": {"errors": {"training error": 0.20311014761741952, "testing error": 0.22846528493725338}, "params": {"sr": 0.5670841972687884, "lr": 0.1287576900364984, "iss": 1.0137413181718307, "ridge": 1e-07}}, "layer2": {"errors": {"training error": 0.6646804002088961, "testing error": 0.6667496178321305}, "params": {"sr": 0.9292550193185131, "lr": 0.7673347950256527, "iss": 0.8596014347011425, "ridge": 0.1}}}, "0.2": {"layer0": {"errors": {"training error": 0.5517262108272812, "testing error": 0.5961729887304916}, "params": {"sr": 2.3864801668707125, "lr": 0.20838507340730156, "iss": 0.2, "ridge": 0.01}}, "layer1": {"errors": {"training error": 0.20311014761741952, "testing error": 0.22846528493725338}, "params": {"sr": 0.5670841972687884, "lr": 0.1287576900364984, "iss": 1.0137413181718307, "ridge": 1e-07}}, "layer2": {"errors": {"training error": 0.6647855996934187, "testing error": 0.6664118880870277}, "params": {"sr": 0.9292550193185131, "lr": 0.7673347950256527, "iss": 0.8596014347011425, "ridge": 0.1}}}, "0.3": {"layer0": {"errors": {"training error": 0.5517262108272812, "testing error": 0.5961729887304916}, "params": {"sr": 2.3864801668707125, "lr": 0.20838507340730156, "iss": 0.3, "ridge": 0.01}}, "layer1": {"errors": {"training error": 0.20311014761741952, "testing error": 0.22846528493725338}, "params": {"sr": 0.5670841972687884, "lr": 0.1287576900364984, "iss": 1.0137413181718307, "ridge": 1e-07}}, "layer2": {"errors": {"training error": 0.6648006281912076, "testing error": 0.6668029435813573}, "params": {"sr": 0.9292550193185131, "lr": 0.7673347950256527, "iss": 0.8596014347011425, "ridge": 0.1}}}, "0.4": {"layer0": {"errors": {"training error": 0.5517262108272812, "testing error": 0.5961729887304916}, "params": {"sr": 2.3864801668707125, "lr": 0.20838507340730156, "iss": 0.4, "ridge": 0.01}}, "layer1": {"errors": {"training error": 0.20311014761741952, "testing error": 0.22846528493725338}, "params": {"sr": 0.5670841972687884, "lr": 0.1287576900364984, "iss": 1.0137413181718307, "ridge": 1e-07}}, "layer2": {"errors": {"training error": 0.6646428289644238, "testing error": 0.6667940559564862}, "params": {"sr": 0.9292550193185131, "lr": 0.7673347950256527, "iss": 0.8596014347011425, "ridge": 0.1}}}, "0.5": {"layer0": {"errors": {"training error": 0.5517262108272812, "testing error": 0.5961729887304916}, "params": {"sr": 2.3864801668707125, "lr": 0.20838507340730156, "iss": 0.5, "ridge": 0.01}}, "layer1": {"errors": {"training error": 0.20311014761741952, "testing error": 0.22846528493725338}, "params": {"sr": 0.5670841972687884, "lr": 0.1287576900364984, "iss": 1.0137413181718307, "ridge": 1e-07}}, "layer2": {"errors": {"training error": 0.6644775154887456, "testing error": 0.6663141242134452}, "params": {"sr": 0.9292550193185131, "lr": 0.7673347950256527, "iss": 0.8596014347011425, "ridge": 0.1}}}, "0.6": {"layer0": {"errors": {"training error": 0.5517262108272812, "testing error": 0.5961729887304916}, "params": {"sr": 2.3864801668707125, "lr": 0.20838507340730156, "iss": 0.6, "ridge": 0.01}}, "layer1": {"errors": {"training error": 0.20311014761741952, "testing error": 0.22846528493725338}, "params": {"sr": 0.5670841972687884, "lr": 0.1287576900364984, "iss": 1.0137413181718307, "ridge": 1e-07}}, "layer2": {"errors": {"training error": 0.6650824125247501, "testing error": 0.6667940559564862}, "params": {"sr": 0.9292550193185131, "lr": 0.7673347950256527, "iss": 0.8596014347011425, "ridge": 0.1}}}, "0.7": {"layer0": {"errors": {"training error": 0.5517262108272812, "testing error": 0.5961729887304916}, "params": {"sr": 2.3864801668707125, "lr": 0.20838507340730156, "iss": 0.7, "ridge": 0.01}}, "layer1": {"errors": {"training error": 0.20311014761741952, "testing error": 0.22846528493725338}, "params": {"sr": 0.5670841972687884, "lr": 0.1287576900364984, "iss": 1.0137413181718307, "ridge": 1e-07}}, "layer2": {"errors": {"training error": 0.6647254857022629, "testing error": 0.6668029435813573}, "params": {"sr": 0.9292550193185131, "lr": 0.7673347950256527, "iss": 0.8596014347011425, "ridge": 0.1}}}, "0.8": {"layer0": {"errors": {"training error": 0.5517262108272812, "testing error": 0.5961729887304916}, "params": {"sr": 2.3864801668707125, "lr": 0.20838507340730156, "iss": 0.8, "ridge": 0.01}}, "layer1": {"errors": {"training error": 0.20311014761741952, "testing error": 0.22846528493725338}, "params": {"sr": 0.5670841972687884, "lr": 0.1287576900364984, "iss": 1.0137413181718307, "ridge": 1e-07}}, "layer2": {"errors": {"training error": 0.6646804002088961, "testing error": 0.6667229549575171}, "params": {"sr": 0.9292550193185131, "lr": 0.7673347950256527, "iss": 0.8596014347011425, "ridge": 0.1}}}, "0.9": {"layer0": {"errors": {"training error": 0.5517262108272812, "testing error": 0.5961729887304916}, "params": {"sr": 2.3864801668707125, "lr": 0.20838507340730156, "iss": 0.9, "ridge": 0.01}}, "layer1": {"errors": {"training error": 0.20311014761741952, "testing error": 0.22846528493725338}, "params": {"sr": 0.5670841972687884, "lr": 0.1287576900364984, "iss": 1.0137413181718307, "ridge": 1e-07}}, "layer2": {"errors": {"training error": 0.6646916715822379, "testing error": 0.6666696292082904}, "params": {"sr": 0.9292550193185131, "lr": 0.7673347950256527, "iss": 0.8596014347011425, "ridge": 0.1}}}, "1": {"layer0": {"errors": {"training error": 0.5517262108272812, "testing error": 0.5961729887304916}, "params": {"sr": 2.3864801668707125, "lr": 0.20838507340730156, "iss": 1, "ridge": 0.01}}, "layer1": {"errors": {"training error": 0.20311014761741952, "testing error": 0.22846528493725338}, "params": {"sr": 0.5670841972687884, "lr": 0.1287576900364984, "iss": 1.0137413181718307, "ridge": 1e-07}}, "layer2": {"errors": {"training error": 0.6650035129113582, "testing error": 0.6669095950798108}, "params": {"sr": 0.9292550193185131, "lr": 0.7673347950256527, "iss": 0.8596014347011425, "ridge": 0.1}}}, "2": {"layer0": {"errors": {"training error": 0.5517262108272812, "testing error": 0.5961729887304916}, "params": {"sr": 2.3864801668707125, "lr": 0.20838507340730156, "iss": 2, "ridge": 0.01}}, "layer1": {"errors": {"training error": 0.20311014761741952, "testing error": 0.22846528493725338}, "params": {"sr": 0.5670841972687884, "lr": 0.1287576900364984, "iss": 1.0137413181718307, "ridge": 1e-07}}, "layer2": {"errors": {"training error": 0.6647254857022629, "testing error": 0.6666163034590636}, "params": {"sr": 0.9292550193185131, "lr": 0.7673347950256527, "iss": 0.8596014347011425, "ridge": 0.1}}}, "3": {"layer0": {"errors": {"training error": 0.5517262108272812, "testing error": 0.5961729887304916}, "params": {"sr": 2.3864801668707125, "lr": 0.20838507340730156, "iss": 3, "ridge": 0.01}}, "layer1": {"errors": {"training error": 0.20311014761741952, "testing error": 0.22846528493725338}, "params": {"sr": 0.5670841972687884, "lr": 0.1287576900364984, "iss": 1.0137413181718307, "ridge": 1e-07}}, "layer2": {"errors": {"training error": 0.6647668140711824, "testing error": 0.6665629777098369}, "params": {"sr": 0.9292550193185131, "lr": 0.7673347950256527, "iss": 0.8596014347011425, "ridge": 0.1}}}, "4": {"layer0": {"errors": {"training error": 0.5517262108272812, "testing error": 0.5961729887304916}, "params": {"sr": 2.3864801668707125, "lr": 0.20838507340730156, "iss": 4, "ridge": 0.01}}, "layer1": {"errors": {"training error": 0.20311014761741952, "testing error": 0.22846528493725338}, "params": {"sr": 0.5670841972687884, "lr": 0.1287576900364984, "iss": 1.0137413181718307, "ridge": 1e-07}}, "layer2": {"errors": {"training error": 0.6650673840269611, "testing error": 0.667193999075687}, "params": {"sr": 0.9292550193185131, "lr": 0.7673347950256527, "iss": 0.8596014347011425, "ridge": 0.1}}},