{"0.1": {"layer0": {"errors": {"training error": 0.5517074252050451, "testing error": 0.596190763980234}, "params": {"sr": 2.3864801668707125, "lr": 0.20838507340730156, "input_scaling": 0.11133403522728465, "ridge": 0.01}}, "layer1": {"errors": {"training error": 0.20385405825797168, "testing error": 0.22903409292900564}, "params": {"sr": 0.5670841972687884, "lr": 0.1287576900364984, "input_scaling": 1.0137413181718307, "ridge": 1e-07}}, "layer2": {"errors": {"training error": 0.6646804002088961, "testing error": 0.6665452024600945}, "params": {"sr": 0.9292550193185131, "lr": 0.7673347950256527, "iss": 0.1, "ridge": 0.1}}}, "0.2": {"layer0": {"errors": {"training error": 0.5517074252050451, "testing error": 0.596190763980234}, "params": {"sr": 2.3864801668707125, "lr": 0.20838507340730156, "input_scaling": 0.11133403522728465, "ridge": 0.01}}, "layer1": {"errors": {"training error": 0.20385405825797168, "testing error": 0.22903409292900564}, "params": {"sr": 0.5670841972687884, "lr": 0.1287576900364984, "input_scaling": 1.0137413181718307, "ridge": 1e-07}}, "layer2": {"errors": {"training error": 0.6647855996934187, "testing error": 0.6663318994631875}, "params": {"sr": 0.9292550193185131, "lr": 0.7673347950256527, "iss": 0.2, "ridge": 0.1}}}, "0.3": {"layer0": {"errors": {"training error": 0.5517074252050451, "testing error": 0.596190763980234}, "params": {"sr": 2.3864801668707125, "lr": 0.20838507340730156, "input_scaling": 0.11133403522728465, "ridge": 0.01}}, "layer1": {"errors": {"training error": 0.20385405825797168, "testing error": 0.22903409292900564}, "params": {"sr": 0.5670841972687884, "lr": 0.1287576900364984, "input_scaling": 1.0137413181718307, "ridge": 1e-07}}, "layer2": {"errors": {"training error": 0.6646390718399765, "testing error": 0.6666962920829038}, "params": {"sr": 0.9292550193185131, "lr": 0.7673347950256527, "iss": 0.3, "ridge": 0.1}}}, "0.4": {"layer0": {"errors": {"training error": 0.5517074252050451, "testing error": 0.596190763980234}, "params": {"sr": 2.3864801668707125, "lr": 0.20838507340730156, "input_scaling": 0.11133403522728465, "ridge": 0.01}}, "layer1": {"errors": {"training error": 0.20385405825797168, "testing error": 0.22903409292900564}, "params": {"sr": 0.5670841972687884, "lr": 0.1287576900364984, "input_scaling": 1.0137413181718307, "ridge": 1e-07}}, "layer2": {"errors": {"training error": 0.66448502973764, "testing error": 0.6666874044580327}, "params": {"sr": 0.9292550193185131, "lr": 0.7673347950256527, "iss": 0.4, "ridge": 0.1}}}, "0.5": {"layer0": {"errors": {"training error": 0.5517074252050451, "testing error": 0.596190763980234}, "params": {"sr": 2.3864801668707125, "lr": 0.20838507340730156, "input_scaling": 0.11133403522728465, "ridge": 0.01}}, "layer1": {"errors": {"training error": 0.20385405825797168, "testing error": 0.22903409292900564}, "params": {"sr": 0.5670841972687884, "lr": 0.1287576900364984, "input_scaling": 1.0137413181718307, "ridge": 1e-07}}, "layer2": {"errors": {"training error": 0.6646916715822379, "testing error": 0.6672117743254292}, "params": {"sr": 0.9292550193185131, "lr": 0.7673347950256527, "iss": 0.5, "ridge": 0.1}}}, "0.6": {"layer0": {"errors": {"training error": 0.5517074252050451, "testing error": 0.596190763980234}, "params": {"sr": 2.3864801668707125, "lr": 0.20838507340730156, "input_scaling": 0.11133403522728465, "ridge": 0.01}}, "layer1": {"errors": {"training error": 0.20385405825797168, "testing error": 0.22903409292900564}, "params": {"sr": 0.5670841972687884, "lr": 0.1287576900364984, "input_scaling": 1.0137413181718307, "ridge": 1e-07}}, "layer2": {"errors": {"training error": 0.6646315575910821, "testing error": 0.6662696860890895}, "params": {"sr": 0.9292550193185131, "lr": 0.7673347950256527, "iss": 0.6, "ridge": 0.1}}}, "0.7": {"layer0": {"errors": {"training error": 0.5517074252050451, "testing error": 0.596190763980234}, "params": {"sr": 2.3864801668707125, "lr": 0.20838507340730156, "input_scaling": 0.11133403522728465, "ridge": 0.01}}, "layer1": {"errors": {"training error": 0.20385405825797168, "testing error": 0.22903409292900564}, "params": {"sr": 0.5670841972687884, "lr": 0.1287576900364984, "input_scaling": 1.0137413181718307, "ridge": 1e-07}}, "layer2": {"errors": {"training error": 0.6651162266447752, "testing error": 0.6665807529595791}, "params": {"sr": 0.9292550193185131, "lr": 0.7673347950256527, "iss": 0.7, "ridge": 0.1}}}, "0.8": {"layer0": {"errors": {"training error": 0.5517074252050451, "testing error": 0.596190763980234}, "params": {"sr": 2.3864801668707125, "lr": 0.20838507340730156, "input_scaling": 0.11133403522728465, "ridge": 0.01}}, "layer1": {"errors": {"training error": 0.20385405825797168, "testing error": 0.22903409292900564}, "params": {"sr": 0.5670841972687884, "lr": 0.1287576900364984, "input_scaling": 1.0137413181718307, "ridge": 1e-07}}, "layer2": {"errors": {"training error": 0.6648532279334688, "testing error": 0.666785168331615}, "params": {"sr": 0.9292550193185131, "lr": 0.7673347950256527, "iss": 0.8, "ridge": 0.1}}}, "0.9": {"layer0": {"errors": {"training error": 0.5517074252050451, "testing error": 0.596190763980234}, "params": {"sr": 2.3864801668707125, "lr": 0.20838507340730156, "input_scaling": 0.11133403522728465, "ridge": 0.01}}, "layer1": {"errors": {"training error": 0.20385405825797168, "testing error": 0.22903409292900564}, "params": {"sr": 0.5670841972687884, "lr": 0.1287576900364984, "input_scaling": 1.0137413181718307, "ridge": 1e-07}}, "layer2": {"errors": {"training error": 0.6647367570756046, "testing error": 0.6668296064559707}, "params": {"sr": 0.9292550193185131, "lr": 0.7673347950256527, "iss": 0.9, "ridge": 0.1}}}, "1": {"layer0": {"errors": {"training error": 0.5517074252050451, "testing error": 0.596190763980234}, "params": {"sr": 2.3864801668707125, "lr": 0.20838507340730156, "input_scaling": 0.11133403522728465, "ridge": 0.01}}, "layer1": {"errors": {"training error": 0.20385405825797168, "testing error": 0.22903409292900564}, "params": {"sr": 0.5670841972687884, "lr": 0.1287576900364984, "input_scaling": 1.0137413181718307, "ridge": 1e-07}}, "layer2": {"errors": {"training error": 0.6647630569467352, "testing error": 0.6673895268228519}, "params": {"sr": 0.9292550193185131, "lr": 0.7673347950256527, "iss": 1, "ridge": 0.1}}}, "2": {"layer0": {"errors": {"training error": 0.5517074252050451, "testing error": 0.596190763980234}, "params": {"sr": 2.3864801668707125, "lr": 0.20838507340730156, "input_scaling": 0.11133403522728465, "ridge": 0.01}}, "layer1": {"errors": {"training error": 0.20385405825797168, "testing error": 0.22903409292900564}, "params": {"sr": 0.5670841972687884, "lr": 0.1287576900364984, "input_scaling": 1.0137413181718307, "ridge": 1e-07}}, "layer2": {"errors": {"training error": 0.6644624869909566, "testing error": 0.6663674499626719}, "params": {"sr": 0.9292550193185131, "lr": 0.7673347950256527, "iss": 2, "ridge": 0.1}}}, "3": {"layer0": {"errors": {"training error": 0.5517074252050451, "testing error": 0.596190763980234}, "params": {"sr": 2.3864801668707125, "lr": 0.20838507340730156, "input_scaling": 0.11133403522728465, "ridge": 0.01}}, "layer1": {"errors": {"training error": 0.20385405825797168, "testing error": 0.22903409292900564}, "params": {"sr": 0.5670841972687884, "lr": 0.1287576900364984, "input_scaling": 1.0137413181718307, "ridge": 1e-07}}, "layer2": {"errors": {"training error": 0.6646353147155293, "testing error": 0.6665540900849657}, "params": {"sr": 0.9292550193185131, "lr": 0.7673347950256527, "iss": 3, "ridge": 0.1}}}, "4": {"layer0": {"errors": {"training error": 0.5517074252050451, "testing error": 0.596190763980234}, "params": {"sr": 2.3864801668707125, "lr": 0.20838507340730156, "input_scaling": 0.11133403522728465, "ridge": 0.01}}, "layer1": {"errors": {"training error": 0.20385405825797168, "testing error": 0.22903409292900564}, "params": {"sr": 0.5670841972687884, "lr": 0.1287576900364984, "input_scaling": 1.0137413181718307,