{"0.1": {"layer0": {"errors": {"training error": 0.5517074252050451, "testing error": 0.596190763980234}, "params": {"sr": 2.3864801668707125, "lr": 0.20838507340730156, "input_scaling": 0.11133403522728465, "ridge": 0.01}}, "layer1": {"errors": {"training error": 0.19062146595481683, "testing error": 0.2184755945821039}, "params": {"sr": 0.5670841972687884, "lr": 0.1, "iss": 1.0137413181718307, "ridge": 1e-07}}, "layer2": {"errors": {"training error": 0.6644286728709315, "testing error": 0.6667051797077749}, "params": {"sr": 0.9292550193185131, "lr": 0.7673347950256527, "iss": 0.8596014347011425, "ridge": 0.1}}}, "0.2": {"layer0": {"errors": {"training error": 0.5517074252050451, "testing error": 0.596190763980234}, "params": {"sr": 2.3864801668707125, "lr": 0.20838507340730156, "input_scaling": 0.11133403522728465, "ridge": 0.01}}, "layer1": {"errors": {"training error": 0.22933863338355356, "testing error": 0.24958228163105692}, "params": {"sr": 0.5670841972687884, "lr": 0.2, "iss": 1.0137413181718307, "ridge": 1e-07}}, "layer2": {"errors": {"training error": 0.6646390718399765, "testing error": 0.6664118880870277}, "params": {"sr": 0.9292550193185131, "lr": 0.7673347950256527, "iss": 0.8596014347011425, "ridge": 0.1}}}, "0.3": {"layer0": {"errors": {"training error": 0.5517074252050451, "testing error": 0.596190763980234}, "params": {"sr": 2.3864801668707125, "lr": 0.20838507340730156, "input_scaling": 0.11133403522728465, "ridge": 0.01}}, "layer1": {"errors": {"training error": 0.2532978159835588, "testing error": 0.26909061822318603}, "params": {"sr": 0.5670841972687884, "lr": 0.3, "iss": 1.0137413181718307, "ridge": 1e-07}}, "layer2": {"errors": {"training error": 0.6646728859600016, "testing error": 0.6664030004621565}, "params": {"sr": 0.9292550193185131, "lr": 0.7673347950256527, "iss": 0.8596014347011425, "ridge": 0.1}}}, "0.4": {"layer0": {"errors": {"training error": 0.5517074252050451, "testing error": 0.596190763980234}, "params": {"sr": 2.3864801668707125, "lr": 0.20838507340730156, "input_scaling": 0.11133403522728465, "ridge": 0.01}}, "layer1": {"errors": {"training error": 0.26644023729998006, "testing error": 0.27916918482704683}, "params": {"sr": 0.5670841972687884, "lr": 0.4, "iss": 1.0137413181718307, "ridge": 1e-07}}, "layer2": {"errors": {"training error": 0.6646465860888711, "testing error": 0.6663318994631875}, "params": {"sr": 0.9292550193185131, "lr": 0.7673347950256527, "iss": 0.8596014347011425, "ridge": 0.1}}}, "0.5": {"layer0": {"errors": {"training error": 0.5517074252050451, "testing error": 0.596190763980234}, "params": {"sr": 2.3864801668707125, "lr": 0.20838507340730156, "input_scaling": 0.11133403522728465, "ridge": 0.01}}, "layer1": {"errors": {"training error": 0.27455186898155626, "testing error": 0.2852572078637705}, "params": {"sr": 0.5670841972687884, "lr": 0.5, "iss": 1.0137413181718307, "ridge": 1e-07}}, "layer2": {"errors": {"training error": 0.6645038153598761, "testing error": 0.6665274272103523}, "params": {"sr": 0.9292550193185131, "lr": 0.7673347950256527, "iss": 0.8596014347011425, "ridge": 0.1}}}, "0.6": {"layer0": {"errors": {"training error": 0.5517074252050451, "testing error": 0.596190763980234}, "params": {"sr": 2.3864801668707125, "lr": 0.20838507340730156, "input_scaling": 0.11133403522728465, "ridge": 0.01}}, "layer1": {"errors": {"training error": 0.28039419749700367, "testing error": 0.2900031995449536}, "params": {"sr": 0.5670841972687884, "lr": 0.6, "iss": 1.0137413181718307, "ridge": 1e-07}}, "layer2": {"errors": {"training error": 0.6649321275468607, "testing error": 0.6673006505741406}, "params": {"sr": 0.9292550193185131, "lr": 0.7673347950256527, "iss": 0.8596014347011425, "ridge": 0.1}}}, "0.7": {"layer0": {"errors": {"training error": 0.5517074252050451, "testing error": 0.596190763980234}, "params": {"sr": 2.3864801668707125, "lr": 0.20838507340730156, "input_scaling": 0.11133403522728465, "ridge": 0.01}}, "layer1": {"errors": {"training error": 0.2844744346466988, "testing error": 0.2927228127555192}, "params": {"sr": 0.5670841972687884, "lr": 0.7, "iss": 1.0137413181718307, "ridge": 1e-07}}, "layer2": {"errors": {"training error": 0.6647067000800267, "testing error": 0.6668829322051975}, "params": {"sr": 0.9292550193185131, "lr": 0.7673347950256527, "iss": 0.8596014347011425, "ridge": 0.1}}}, "0.8": {"layer0": {"errors": {"training error": 0.5517074252050451, "testing error": 0.596190763980234}, "params": {"sr": 2.3864801668707125, "lr": 0.20838507340730156, "input_scaling": 0.11133403522728465, "ridge": 0.01}}, "layer1": {"errors": {"training error": 0.28810005973827874, "testing error": 0.29476696647587897}, "params": {"sr": 0.5670841972687884, "lr": 0.8, "iss": 1.0137413181718307, "ridge": 1e-07}}, "layer2": {"errors": {"training error": 0.6648682564312578, "testing error": 0.6667318425823883}, "params": {"sr": 0.9292550193185131, "lr": 0.7673347950256527, "iss": 0.8596014347011425, "ridge": 0.1}}}, "0.9": {"layer0": {"errors": {"training error": 0.5517074252050451, "testing error": 0.596190763980234}, "params": {"sr": 2.3864801668707125, "lr": 0.20838507340730156, "input_scaling": 0.11133403522728465, "ridge": 0.01}}, "layer1": {"errors": {"training error": 0.2909517171937286, "testing error": 0.29671335632265633}, "params": {"sr": 0.5670841972687884, "lr": 0.9, "iss": 1.0137413181718307, "ridge": 1e-07}}, "layer2": {"errors": {"training error": 0.6650335699069361, "testing error": 0.6665540900849657}, "params": {"sr": 0.9292550193185131, "lr": 0.7673347950256527, "iss": 0.8596014347011425, "ridge": 0.1}}}, "1": {"layer0": {"errors": {"training error": 0.5517074252050451, "testing error": 0.596190763980234}, "params": {"sr": 2.3864801668707125, "lr": 0.20838507340730156, "input_scaling": 0.11133403522728465, "ridge": 0.01}}, "layer1": {"errors": {"training error": 0.2933074342221437, "testing error": 0.2986864090440471}, "params": {"sr": 0.5670841972687884, "lr": 1, "iss": 1.0137413181718307, "ridge": 1e-07}}, "layer2": {"errors": {"training error": 0.6649959986624637, "testing error": 0.6664030004621565}, "params": {"sr": 0.9292550193185131, "lr": 0.7673347950256527, "iss": 0.8596014347011425, "ridge": 0.1}}}}