{"0.1": {"layer0": {"errors": {"training error": 0.5507005158531866, "testing error": 0.6096377404102528}, "params": {"sr": 2.3864801668707125, "lr": 0.1, "iss": 0.11133403522728465, "ridge": 0.01}}, "layer1": {"errors": {"training error": 0.19753081781327844, "testing error": 0.2319758967613495}, "params": {"sr": 0.5670841972687884, "lr": 0.1287576900364984, "iss": 1.0137413181718307, "ridge": 1e-07}}, "layer2": {"errors": {"training error": 0.6645489008532429, "testing error": 0.6663496747129297}, "params": {"sr": 0.9292550193185131, "lr": 0.7673347950256527, "iss": 0.8596014347011425, "ridge": 0.1}}}, "0.2": {"layer0": {"errors": {"training error": 0.5510048429334125, "testing error": 0.5965640442248213}, "params": {"sr": 2.3864801668707125, "lr": 0.2, "iss": 0.11133403522728465, "ridge": 0.01}}, "layer1": {"errors": {"training error": 0.20292980564395235, "testing error": 0.22854527356109353}, "params": {"sr": 0.5670841972687884, "lr": 0.1287576900364984, "iss": 1.0137413181718307, "ridge": 1e-07}}, "layer2": {"errors": {"training error": 0.6644925439865345, "testing error": 0.6664918767108677}, "params": {"sr": 0.9292550193185131, "lr": 0.7673347950256527, "iss": 0.8596014347011425, "ridge": 0.1}}}, "0.3": {"layer0": {"errors": {"training error": 0.56339208223594, "testing error": 0.6011767215329376}, "params": {"sr": 2.3864801668707125, "lr": 0.3, "iss": 0.11133403522728465, "ridge": 0.01}}, "layer1": {"errors": {"training error": 0.20508639507666412, "testing error": 0.22727434320452203}, "params": {"sr": 0.5670841972687884, "lr": 0.1287576900364984, "iss": 1.0137413181718307, "ridge": 1e-07}}, "layer2": {"errors": {"training error": 0.6647029429555795, "testing error": 0.6664829890859967}, "params": {"sr": 0.9292550193185131, "lr": 0.7673347950256527, "iss": 0.8596014347011425, "ridge": 0.1}}}, "0.4": {"layer0": {"errors": {"training error": 0.5783754945315054, "testing error": 0.6109353336414377}, "params": {"sr": 2.3864801668707125, "lr": 0.4, "iss": 0.11133403522728465, "ridge": 0.01}}, "layer1": {"errors": {"training error": 0.20678461532681347, "testing error": 0.225692345977461}, "params": {"sr": 0.5670841972687884, "lr": 0.1287576900364984, "iss": 1.0137413181718307, "ridge": 1e-07}}, "layer2": {"errors": {"training error": 0.6647367570756046, "testing error": 0.6668918198300686}, "params": {"sr": 0.9292550193185131, "lr": 0.7673347950256527, "iss": 0.8596014347011425, "ridge": 0.1}}}, "0.5": {"layer0": {"errors": {"training error": 0.5939074469963669, "testing error": 0.6219737637313805}, "params": {"sr": 2.3864801668707125, "lr": 0.5, "iss": 0.11133403522728465, "ridge": 0.01}}, "layer1": {"errors": {"training error": 0.2080244663944004, "testing error": 0.22459028049344093}, "params": {"sr": 0.5670841972687884, "lr": 0.1287576900364984, "iss": 1.0137413181718307, "ridge": 1e-07}}, "layer2": {"errors": {"training error": 0.6647329999511574, "testing error": 0.6667940559564862}, "params": {"sr": 0.9292550193185131, "lr": 0.7673347950256527, "iss": 0.8596014347011425, "ridge": 0.1}}}, "0.6": {"layer0": {"errors": {"training error": 0.6087631170607264, "testing error": 0.632932205197483}, "params": {"sr": 2.3864801668707125, "lr": 0.6, "iss": 0.11133403522728465, "ridge": 0.01}}, "layer1": {"errors": {"training error": 0.20882097677721378, "testing error": 0.22347043975967862}, "params": {"sr": 0.5670841972687884, "lr": 0.1287576900364984, "iss": 1.0137413181718307, "ridge": 1e-07}}, "layer2": {"errors": {"training error": 0.6649396417957552, "testing error": 0.6667762807067439}, "params": {"sr": 0.9292550193185131, "lr": 0.7673347950256527, "iss": 0.8596014347011425, "ridge": 0.1}}}, "0.7": {"layer0": {"errors": {"training error": 0.622330093439685, "testing error": 0.6429307831775036}, "params": {"sr": 2.3864801668707125, "lr": 0.7, "iss": 0.11133403522728465, "ridge": 0.01}}, "layer1": {"errors": {"training error": 0.20991805711580586, "testing error": 0.22278609264460167}, "params": {"sr": 0.5670841972687884, "lr": 0.1287576900364984, "iss": 1.0137413181718307, "ridge": 1e-07}}, "layer2": {"errors": {"training error": 0.6647780854445242, "testing error": 0.6664385509616411}, "params": {"sr": 0.9292550193185131, "lr": 0.7673347950256527, "iss": 0.8596014347011425, "ridge": 0.1}}}, "0.8": {"layer0": {"errors": {"training error": 0.6352358159159306, "testing error": 0.6530804507803335}, "params": {"sr": 2.3864801668707125, "lr": 0.8, "iss": 0.11133403522728465, "ridge": 0.01}}, "layer1": {"errors": {"training error": 0.21035012642723766, "testing error": 0.22172846528493725}, "params": {"sr": 0.5670841972687884, "lr": 0.1287576900364984, "iss": 1.0137413181718307, "ridge": 1e-07}}, "layer2": {"errors": {"training error": 0.664533872355454, "testing error": 0.6665540900849657}, "params": {"sr": 0.9292550193185131, "lr": 0.7673347950256527, "iss": 0.8596014347011425, "ridge": 0.1}}}, "0.9": {"layer0": {"errors": {"training error": 0.6476343265917996, "testing error": 0.6631145792598386}, "params": {"sr": 2.3864801668707125, "lr": 0.9, "iss": 0.11133403522728465, "ridge": 0.01}}, "layer1": {"errors": {"training error": 0.21080849560980008, "testing error": 0.22091080379679334}, "params": {"sr": 0.5670841972687884, "lr": 0.1287576900364984, "iss": 1.0137413181718307, "ridge": 1e-07}}, "layer2": {"errors": {"training error": 0.6647480284489463, "testing error": 0.6665718653347079}, "params": {"sr": 0.9292550193185131, "lr": 0.7673347950256527, "iss": 0.8596014347011425, "ridge": 0.1}}}, "1": {"layer0": {"errors": {"training error": 0.6595894965828953, "testing error": 0.6726510007465605}, "params": {"sr": 2.3864801668707125, "lr": 1, "iss": 0.11133403522728465, "ridge": 0.01}}, "layer1": {"errors": {"training error": 0.21124807917012636, "testing error": 0.22075971417398416}, "params": {"sr": 0.5670841972687884, "lr": 0.1287576900364984, "iss": 1.0137413181718307, "ridge": 1e-07}}, "layer2": {"errors": {"training error": 0.6648907991779411, "testing error": 0.6669362579544242}, "params": {"sr": 0.9292550193185131, "lr": 0.7673347950256527, "iss": 0.8596014347011425, "ridge": 0.1}}}}