{"0.1": {"layer0": {"errors": {"training error": 0.5517074252050451, "testing error": 0.596190763980234}, "params": {"sr": 2.3864801668707125, "lr": 0.20838507340730156, "input_scaling": 0.11133403522728465, "ridge": 0.01}}, "layer1": {"errors": {"training error": 0.20385405825797168, "testing error": 0.22903409292900564}, "params": {"sr": 0.5670841972687884, "lr": 0.1287576900364984, "input_scaling": 1.0137413181718307, "ridge": 1e-07}}, "layer2": {"errors": {"training error": 0.7155368367266429, "testing error": 0.7144139500159977}, "params": {"sr": 0.9292550193185131, "lr": 0.1, "iss": 0.8596014347011425, "ridge": 0.1}}}, "0.2": {"layer0": {"errors": {"training error": 0.5517074252050451, "testing error": 0.596190763980234}, "params": {"sr": 2.3864801668707125, "lr": 0.20838507340730156, "input_scaling": 0.11133403522728465, "ridge": 0.01}}, "layer1": {"errors": {"training error": 0.20385405825797168, "testing error": 0.22903409292900564}, "params": {"sr": 0.5670841972687884, "lr": 0.1287576900364984, "input_scaling": 1.0137413181718307, "ridge": 1e-07}}, "layer2": {"errors": {"training error": 0.7009216226269063, "testing error": 0.7017579721995094}, "params": {"sr": 0.9292550193185131, "lr": 0.2, "iss": 0.8596014347011425, "ridge": 0.1}}}, "0.3": {"layer0": {"errors": {"training error": 0.5517074252050451, "testing error": 0.596190763980234}, "params": {"sr": 2.3864801668707125, "lr": 0.20838507340730156, "input_scaling": 0.11133403522728465, "ridge": 0.01}}, "layer1": {"errors": {"training error": 0.20385405825797168, "testing error": 0.22903409292900564}, "params": {"sr": 0.5670841972687884, "lr": 0.1287576900364984, "input_scaling": 1.0137413181718307, "ridge": 1e-07}}, "layer2": {"errors": {"training error": 0.6841610904677996, "testing error": 0.6854936186853425}, "params": {"sr": 0.9292550193185131, "lr": 0.3, "iss": 0.8596014347011425, "ridge": 0.1}}}, "0.4": {"layer0": {"errors": {"training error": 0.5517074252050451, "testing error": 0.596190763980234}, "params": {"sr": 2.3864801668707125, "lr": 0.20838507340730156, "input_scaling": 0.11133403522728465, "ridge": 0.01}}, "layer1": {"errors": {"training error": 0.20385405825797168, "testing error": 0.22903409292900564}, "params": {"sr": 0.5670841972687884, "lr": 0.1287576900364984, "input_scaling": 1.0137413181718307, "ridge": 1e-07}}, "layer2": {"errors": {"training error": 0.6754182618790883, "testing error": 0.6774592058018415}, "params": {"sr": 0.9292550193185131, "lr": 0.4, "iss": 0.8596014347011425, "ridge": 0.1}}}, "0.5": {"layer0": {"errors": {"training error": 0.5517074252050451, "testing error": 0.596190763980234}, "params": {"sr": 2.3864801668707125, "lr": 0.20838507340730156, "input_scaling": 0.11133403522728465, "ridge": 0.01}}, "layer1": {"errors": {"training error": 0.20385405825797168, "testing error": 0.22903409292900564}, "params": {"sr": 0.5670841972687884, "lr": 0.1287576900364984, "input_scaling": 1.0137413181718307, "ridge": 1e-07}}, "layer2": {"errors": {"training error": 0.6697262183415301, "testing error": 0.6723843720004266}, "params": {"sr": 0.9292550193185131, "lr": 0.5, "iss": 0.8596014347011425, "ridge": 0.1}}}, "0.6": {"layer0": {"errors": {"training error": 0.5517074252050451, "testing error": 0.596190763980234}, "params": {"sr": 2.3864801668707125, "lr": 0.20838507340730156, "input_scaling": 0.11133403522728465, "ridge": 0.01}}, "layer1": {"errors": {"training error": 0.20385405825797168, "testing error": 0.22903409292900564}, "params": {"sr": 0.5670841972687884, "lr": 0.1287576900364984, "input_scaling": 1.0137413181718307, "ridge": 1e-07}}, "layer2": {"errors": {"training error": 0.6666754332903769, "testing error": 0.6688737601763305}, "params": {"sr": 0.9292550193185131, "lr": 0.6, "iss": 0.8596014347011425, "ridge": 0.1}}}, "0.7": {"layer0": {"errors": {"training error": 0.5517074252050451, "testing error": 0.596190763980234}, "params": {"sr": 2.3864801668707125, "lr": 0.20838507340730156, "input_scaling": 0.11133403522728465, "ridge": 0.01}}, "layer1": {"errors": {"training error": 0.20385405825797168, "testing error": 0.22903409292900564}, "params": {"sr": 0.5670841972687884, "lr": 0.1287576900364984, "input_scaling": 1.0137413181718307, "ridge": 1e-07}}, "layer2": {"errors": {"training error": 0.6653040828671368, "testing error": 0.6669095950798108}, "params": {"sr": 0.9292550193185131, "lr": 0.7, "iss": 0.8596014347011425, "ridge": 0.1}}}, "0.8": {"layer0": {"errors": {"training error": 0.5517074252050451, "testing error": 0.596190763980234}, "params": {"sr": 2.3864801668707125, "lr": 0.20838507340730156, "input_scaling": 0.11133403522728465, "ridge": 0.01}}, "layer1": {"errors": {"training error": 0.20385405825797168, "testing error": 0.22903409292900564}, "params": {"sr": 0.5670841972687884, "lr": 0.1287576900364984, "input_scaling": 1.0137413181718307, "ridge": 1e-07}}, "layer2": {"errors": {"training error": 0.6647705711956298, "testing error": 0.6662519108393473}, "params": {"sr": 0.9292550193185131, "lr": 0.8, "iss": 0.8596014347011425, "ridge": 0.1}}}, "0.9": {"layer0": {"errors": {"training error": 0.5517074252050451, "testing error": 0.596190763980234}, "params": {"sr": 2.3864801668707125, "lr": 0.20838507340730156, "input_scaling": 0.11133403522728465, "ridge": 0.01}}, "layer1": {"errors": {"training error": 0.20385405825797168, "testing error": 0.22903409292900564}, "params": {"sr": 0.5670841972687884, "lr": 0.1287576900364984, "input_scaling": 1.0137413181718307, "ridge": 1e-07}}, "layer2": {"errors": {"training error": 0.6643572875064341, "testing error": 0.6662163603398628}, "params": {"sr": 0.9292550193185131, "lr": 0.9, "iss": 0.8596014347011425, "ridge": 0.1}}}, "1": {"layer0": {"errors": {"training error": 0.5517074252050451, "testing error": 0.596190763980234}, "params": {"sr": 2.3864801668707125, "lr": 0.20838507340730156, "input_scaling": 0.11133403522728465, "ridge": 0.01}}, "layer1": {"errors": {"training error": 0.20385405825797168, "testing error": 0.22903409292900564}, "params": {"sr": 0.5670841972687884, "lr": 0.1287576900364984, "input_scaling": 1.0137413181718307, "ridge": 1e-07}}, "layer2": {"errors": {"training error": 0.6643197162619617, "testing error": 0.6660830459667958}, "params": {"sr": 0.9292550193185131, "lr": 1, "iss": 0.8596014347011425, "ridge": 0.1}}}}