{"0.1": {"layer0": {"errors": {"training error": 0.5517074252050451, "testing error": 0.596190763980234}, "params": {"sr": 2.3864801668707125, "lr": 0.20838507340730156, "input_scaling": 0.11133403522728465, "ridge": 0.01}}, "layer1": {"errors": {"training error": 0.20308009062184168, "testing error": 0.22846528493725338}, "params": {"sr": 0.5670841972687884, "lr": 0.1287576900364984, "iss": 0.1, "ridge": 1e-07}}, "layer2": {"errors": {"training error": 0.6648344423112327, "testing error": 0.6665274272103523}, "params": {"sr": 0.9292550193185131, "lr": 0.7673347950256527, "iss": 0.8596014347011425, "ridge": 0.1}}}, "0.2": {"layer0": {"errors": {"training error": 0.5517074252050451, "testing error": 0.596190763980234}, "params": {"sr": 2.3864801668707125, "lr": 0.20838507340730156, "input_scaling": 0.11133403522728465, "ridge": 0.01}}, "layer1": {"errors": {"training error": 0.20308009062184168, "testing error": 0.22846528493725338}, "params": {"sr": 0.5670841972687884, "lr": 0.1287576900364984, "iss": 0.2, "ridge": 1e-07}}, "layer2": {"errors": {"training error": 0.6647067000800267, "testing error": 0.6664207757118987}, "params": {"sr": 0.9292550193185131, "lr": 0.7673347950256527, "iss": 0.8596014347011425, "ridge": 0.1}}}, "0.3": {"layer0": {"errors": {"training error": 0.5517074252050451, "testing error": 0.596190763980234}, "params": {"sr": 2.3864801668707125, "lr": 0.20838507340730156, "input_scaling": 0.11133403522728465, "ridge": 0.01}}, "layer1": {"errors": {"training error": 0.20308009062184168, "testing error": 0.22846528493725338}, "params": {"sr": 0.5670841972687884, "lr": 0.1287576900364984, "iss": 0.3, "ridge": 1e-07}}, "layer2": {"errors": {"training error": 0.6646879144577906, "testing error": 0.6668118312062284}, "params": {"sr": 0.9292550193185131, "lr": 0.7673347950256527, "iss": 0.8596014347011425, "ridge": 0.1}}}, "0.4": {"layer0": {"errors": {"training error": 0.5517074252050451, "testing error": 0.596190763980234}, "params": {"sr": 2.3864801668707125, "lr": 0.20838507340730156, "input_scaling": 0.11133403522728465, "ridge": 0.01}}, "layer1": {"errors": {"training error": 0.20308009062184168, "testing error": 0.22846528493725338}, "params": {"sr": 0.5670841972687884, "lr": 0.1287576900364984, "iss": 0.4, "ridge": 1e-07}}, "layer2": {"errors": {"training error": 0.6646954287066851, "testing error": 0.6664030004621565}, "params": {"sr": 0.9292550193185131, "lr": 0.7673347950256527, "iss": 0.8596014347011425, "ridge": 0.1}}}, "0.5": {"layer0": {"errors": {"training error": 0.5517074252050451, "testing error": 0.596190763980234}, "params": {"sr": 2.3864801668707125, "lr": 0.20838507340730156, "input_scaling": 0.11133403522728465, "ridge": 0.01}}, "layer1": {"errors": {"training error": 0.20308009062184168, "testing error": 0.22846528493725338}, "params": {"sr": 0.5670841972687884, "lr": 0.1287576900364984, "iss": 0.5, "ridge": 1e-07}}, "layer2": {"errors": {"training error": 0.6648532279334688, "testing error": 0.6665718653347079}, "params": {"sr": 0.9292550193185131, "lr": 0.7673347950256527, "iss": 0.8596014347011425, "ridge": 0.1}}}, "0.6": {"layer0": {"errors": {"training error": 0.5517074252050451, "testing error": 0.596190763980234}, "params": {"sr": 2.3864801668707125, "lr": 0.20838507340730156, "input_scaling": 0.11133403522728465, "ridge": 0.01}}, "layer1": {"errors": {"training error": 0.20308009062184168, "testing error": 0.22846528493725338}, "params": {"sr": 0.5670841972687884, "lr": 0.1287576900364984, "iss": 0.6, "ridge": 1e-07}}, "layer2": {"errors": {"training error": 0.6647705711956298, "testing error": 0.6664296633367699}, "params": {"sr": 0.9292550193185131, "lr": 0.7673347950256527, "iss": 0.8596014347011425, "ridge": 0.1}}}, "0.7": {"layer0": {"errors": {"training error": 0.5517074252050451, "testing error": 0.596190763980234}, "params": {"sr": 2.3864801668707125, "lr": 0.20838507340730156, "input_scaling": 0.11133403522728465, "ridge": 0.01}}, "layer1": {"errors": {"training error": 0.20308009062184168, "testing error": 0.22846528493725338}, "params": {"sr": 0.5670841972687884, "lr": 0.1287576900364984, "iss": 0.7, "ridge": 1e-07}}, "layer2": {"errors": {"training error": 0.6648457136845743, "testing error": 0.6663941128372853}, "params": {"sr": 0.9292550193185131, "lr": 0.7673347950256527, "iss": 0.8596014347011425, "ridge": 0.1}}}, "0.8": {"layer0": {"errors": {"training error": 0.5517074252050451, "testing error": 0.596190763980234}, "params": {"sr": 2.3864801668707125, "lr": 0.20838507340730156, "input_scaling": 0.11133403522728465, "ridge": 0.01}}, "layer1": {"errors": {"training error": 0.20308009062184168, "testing error": 0.22846528493725338}, "params": {"sr": 0.5670841972687884, "lr": 0.1287576900364984, "iss": 0.8, "ridge": 1e-07}}, "layer2": {"errors": {"training error": 0.6646804002088961, "testing error": 0.6664030004621565}, "params": {"sr": 0.9292550193185131, "lr": 0.7673347950256527, "iss": 0.8596014347011425, "ridge": 0.1}}}, "0.9": {"layer0": {"errors": {"training error": 0.5517074252050451, "testing error": 0.596190763980234}, "params": {"sr": 2.3864801668707125, "lr": 0.20838507340730156, "input_scaling": 0.11133403522728465, "ridge": 0.01}}, "layer1": {"errors": {"training error": 0.20308009062184168, "testing error": 0.22846528493725338}, "params": {"sr": 0.5670841972687884, "lr": 0.1287576900364984, "iss": 0.9, "ridge": 1e-07}}, "layer2": {"errors": {"training error": 0.6645676864754791, "testing error": 0.6666163034590636}, "params": {"sr": 0.9292550193185131, "lr": 0.7673347950256527, "iss": 0.8596014347011425, "ridge": 0.1}}}, "1": {"layer0": {"errors": {"training error": 0.5517074252050451, "testing error": 0.596190763980234}, "params": {"sr": 2.3864801668707125, "lr": 0.20838507340730156, "input_scaling": 0.11133403522728465, "ridge": 0.01}}, "layer1": {"errors": {"training error": 0.20308009062184168, "testing error": 0.22846528493725338}, "params": {"sr": 0.5670841972687884, "lr": 0.1287576900364984, "iss": 1, "ridge": 1e-07}}, "layer2": {"errors": {"training error": 0.6645639293510319, "testing error": 0.666234135589605}, "params": {"sr": 0.9292550193185131, "lr": 0.7673347950256527, "iss": 0.8596014347011425, "ridge": 0.1}}}, "2": {"layer0": {"errors": {"training error": 0.5517074252050451, "testing error": 0.596190763980234}, "params": {"sr": 2.3864801668707125, "lr": 0.20838507340730156, "input_scaling": 0.11133403522728465, "ridge": 0.01}}, "layer1": {"errors": {"training error": 0.20308009062184168, "testing error": 0.22846528493725338}, "params": {"sr": 0.5670841972687884, "lr": 0.1287576900364984, "iss": 2, "ridge": 1e-07}}, "layer2": {"errors": {"training error": 0.6647142143289212, "testing error": 0.6665540900849657}, "params": {"sr": 0.9292550193185131, "lr": 0.7673347950256527, "iss": 0.8596014347011425, "ridge": 0.1}}}, "3": {"layer0": {"errors": {"training error": 0.5517074252050451, "testing error": 0.596190763980234}, "params": {"sr": 2.3864801668707125, "lr": 0.20838507340730156, "input_scaling": 0.11133403522728465, "ridge": 0.01}}, "layer1": {"errors": {"training error": 0.20308009062184168, "testing error": 0.22846528493725338}, "params": {"sr": 0.5670841972687884, "lr": 0.1287576900364984, "iss": 3, "ridge": 1e-07}}, "layer2": {"errors": {"training error": 0.6646353147155293, "testing error": 0.6662519108393473}, "params": {"sr": 0.9292550193185131, "lr": 0.7673347950256527, "iss": 0.8596014347011425, "ridge": 0.1}}}, "4": {"layer0": {"errors": {"training error": 0.5517074252050451, "testing error": 0.596190763980234}, "params": {"sr": 2.3864801668707125, "lr": 0.20838507340730156, "input_scaling": 0.11133403522728465, "ridge": 0.01}}, "layer1": {"errors": {"training error": 0.20308009062184168, "testing error": 0.22846528493725338}, "params": {"sr": 0.5670841972687884, "lr": 0.1287576900364984, "iss": 4, "ridge": 1e-07}}, "layer2": {"errors": {"training error": 0.6646653717111072, "testing error": 0.6667762807067439}, "params": {"sr": 0.9292550193185131,