{"0.1": {"layer0": {"errors": {"training error": 0.5517074252050451, "testing error": 0.596190763980234}, "params": {"sr": 2.3864801668707125, "lr": 0.20838507340730156, "input_scaling": 0.11133403522728465, "ridge": 0.01}}, "layer1": {"errors": {"training error": 0.20309887624407783, "testing error": 0.22845639731238224}, "params": {"sr": 0.1, "lr": 0.1287576900364984, "iss": 1.0137413181718307, "ridge": 1e-07}}, "layer2": {"errors": {"training error": 0.6646841573333434, "testing error": 0.6666163034590636}, "params": {"sr": 0.9292550193185131, "lr": 0.7673347950256527, "iss": 0.8596014347011425, "ridge": 0.1}}}, "0.2": {"layer0": {"errors": {"training error": 0.5517074252050451, "testing error": 0.596190763980234}, "params": {"sr": 2.3864801668707125, "lr": 0.20838507340730156, "input_scaling": 0.11133403522728465, "ridge": 0.01}}, "layer1": {"errors": {"training error": 0.20308009062184168, "testing error": 0.22846528493725338}, "params": {"sr": 0.2, "lr": 0.1287576900364984, "iss": 1.0137413181718307, "ridge": 1e-07}}, "layer2": {"errors": {"training error": 0.6646541003377655, "testing error": 0.667122898076718}, "params": {"sr": 0.9292550193185131, "lr": 0.7673347950256527, "iss": 0.8596014347011425, "ridge": 0.1}}}, "0.3": {"layer0": {"errors": {"training error": 0.5517074252050451, "testing error": 0.596190763980234}, "params": {"sr": 2.3864801668707125, "lr": 0.20838507340730156, "input_scaling": 0.11133403522728465, "ridge": 0.01}}, "layer1": {"errors": {"training error": 0.20308009062184168, "testing error": 0.22846528493725338}, "params": {"sr": 0.3, "lr": 0.1287576900364984, "iss": 1.0137413181718307, "ridge": 1e-07}}, "layer2": {"errors": {"training error": 0.6647968710667603, "testing error": 0.6667318425823883}, "params": {"sr": 0.9292550193185131, "lr": 0.7673347950256527, "iss": 0.8596014347011425, "ridge": 0.1}}}, "0.4": {"layer0": {"errors": {"training error": 0.5517074252050451, "testing error": 0.596190763980234}, "params": {"sr": 2.3864801668707125, "lr": 0.20838507340730156, "input_scaling": 0.11133403522728465, "ridge": 0.01}}, "layer1": {"errors": {"training error": 0.20308009062184168, "testing error": 0.22846528493725338}, "params": {"sr": 0.4, "lr": 0.1287576900364984, "iss": 1.0137413181718307, "ridge": 1e-07}}, "layer2": {"errors": {"training error": 0.6649509131690969, "testing error": 0.6665896405844502}, "params": {"sr": 0.9292550193185131, "lr": 0.7673347950256527, "iss": 0.8596014347011425, "ridge": 0.1}}}, "0.5": {"layer0": {"errors": {"training error": 0.5517074252050451, "testing error": 0.596190763980234}, "params": {"sr": 2.3864801668707125, "lr": 0.20838507340730156, "input_scaling": 0.11133403522728465, "ridge": 0.01}}, "layer1": {"errors": {"training error": 0.20308009062184168, "testing error": 0.22846528493725338}, "params": {"sr": 0.5, "lr": 0.1287576900364984, "iss": 1.0137413181718307, "ridge": 1e-07}}, "layer2": {"errors": {"training error": 0.6647405142000519, "testing error": 0.6668562693305841}, "params": {"sr": 0.9292550193185131, "lr": 0.7673347950256527, "iss": 0.8596014347011425, "ridge": 0.1}}}, "0.6": {"layer0": {"errors": {"training error": 0.5517074252050451, "testing error": 0.596190763980234}, "params": {"sr": 2.3864801668707125, "lr": 0.20838507340730156, "input_scaling": 0.11133403522728465, "ridge": 0.01}}, "layer1": {"errors": {"training error": 0.20308009062184168, "testing error": 0.22846528493725338}, "params": {"sr": 0.6, "lr": 0.1287576900364984, "iss": 1.0137413181718307, "ridge": 1e-07}}, "layer2": {"errors": {"training error": 0.6646428289644238, "testing error": 0.6663141242134452}, "params": {"sr": 0.9292550193185131, "lr": 0.7673347950256527, "iss": 0.8596014347011425, "ridge": 0.1}}}, "0.7": {"layer0": {"errors": {"training error": 0.5517074252050451, "testing error": 0.596190763980234}, "params": {"sr": 2.3864801668707125, "lr": 0.20838507340730156, "input_scaling": 0.11133403522728465, "ridge": 0.01}}, "layer1": {"errors": {"training error": 0.20308009062184168, "testing error": 0.22846528493725338}, "params": {"sr": 0.7, "lr": 0.1287576900364984, "iss": 1.0137413181718307, "ridge": 1e-07}}, "layer2": {"errors": {"training error": 0.6647179714533684, "testing error": 0.6665540900849657}, "params": {"sr": 0.9292550193185131, "lr": 0.7673347950256527, "iss": 0.8596014347011425, "ridge": 0.1}}}, "0.8": {"layer0": {"errors": {"training error": 0.5517074252050451, "testing error": 0.596190763980234}, "params": {"sr": 2.3864801668707125, "lr": 0.20838507340730156, "input_scaling": 0.11133403522728465, "ridge": 0.01}}, "layer1": {"errors": {"training error": 0.20308009062184168, "testing error": 0.22846528493725338}, "params": {"sr": 0.8, "lr": 0.1287576900364984, "iss": 1.0137413181718307, "ridge": 1e-07}}, "layer2": {"errors": {"training error": 0.6648194138134438, "testing error": 0.6664474385865121}, "params": {"sr": 0.9292550193185131, "lr": 0.7673347950256527, "iss": 0.8596014347011425, "ridge": 0.1}}}, "0.9": {"layer0": {"errors": {"training error": 0.5517074252050451, "testing error": 0.596190763980234}, "params": {"sr": 2.3864801668707125, "lr": 0.20838507340730156, "input_scaling": 0.11133403522728465, "ridge": 0.01}}, "layer1": {"errors": {"training error": 0.20308009062184168, "testing error": 0.22846528493725338}, "params": {"sr": 0.9, "lr": 0.1287576900364984, "iss": 1.0137413181718307, "ridge": 1e-07}}, "layer2": {"errors": {"training error": 0.664710457204474, "testing error": 0.666785168331615}, "params": {"sr": 0.9292550193185131, "lr": 0.7673347950256527, "iss": 0.8596014347011425, "ridge": 0.1}}}, "1": {"layer0": {"errors": {"training error": 0.5517074252050451, "testing error": 0.596190763980234}, "params": {"sr": 2.3864801668707125, "lr": 0.20838507340730156, "input_scaling": 0.11133403522728465, "ridge": 0.01}}, "layer1": {"errors": {"training error": 0.20308009062184168, "testing error": 0.22846528493725338}, "params": {"sr": 1, "lr": 0.1287576900364984, "iss": 1.0137413181718307, "ridge": 1e-07}}, "layer2": {"errors": {"training error": 0.6645752007243736, "testing error": 0.6663763375875431}, "params": {"sr": 0.9292550193185131, "lr": 0.7673347950256527, "iss": 0.8596014347011425, "ridge": 0.1}}}, "2": {"layer0": {"errors": {"training error": 0.5517074252050451, "testing error": 0.596190763980234}, "params": {"sr": 2.3864801668707125, "lr": 0.20838507340730156, "input_scaling": 0.11133403522728465, "ridge": 0.01}}, "layer1": {"errors": {"training error": 0.20308009062184168, "testing error": 0.22846528493725338}, "params": {"sr": 2, "lr": 0.1287576900364984, "iss": 1.0137413181718307, "ridge": 1e-07}}, "layer2": {"errors": {"training error": 0.6648870420534939, "testing error": 0.6665807529595791}, "params": {"sr": 0.9292550193185131, "lr": 0.7673347950256527, "iss": 0.8596014347011425, "ridge": 0.1}}}, "3": {"layer0": {"errors": {"training error": 0.5517074252050451, "testing error": 0.596190763980234}, "params": {"sr": 2.3864801668707125, "lr": 0.20838507340730156, "input_scaling": 0.11133403522728465, "ridge": 0.01}}, "layer1": {"errors": {"training error": 0.20308009062184168, "testing error": 0.22846528493725338}, "params": {"sr": 3, "lr": 0.1287576900364984, "iss": 1.0137413181718307, "ridge": 1e-07}}, "layer2": {"errors": {"training error": 0.6644775154887456, "testing error": 0.6664030004621565}, "params": {"sr": 0.9292550193185131, "lr": 0.7673347950256527, "iss": 0.8596014347011425, "ridge": 0.1}}}, "4": {"layer0": {"errors": {"training error": 0.5517074252050451, "testing error": 0.596190763980234}, "params": {"sr": 2.3864801668707125, "lr": 0.20838507340730156, "input_scaling": 0.11133403522728465, "ridge": 0.01}}, "layer1": {"errors": {"training error": 0.20308009062184168, "testing error": 0.22846528493725338}, "params": {"sr": 4, "lr": 0.1287576900364984, "iss": 1.0137413181718307, "ridge": 1e-07}}, "layer2": {"errors": {"training error": 0.6644925439865345, "testing error": 0.6662252479647339}, "params": {"sr": 0.9292550193185131,