{"0.1": {"layer0": {"errors": {"training error": 0.5517074252050451, "testing error": 0.596190763980234}, "params": {"sr": 2.3864801668707125, "lr": 0.20838507340730156, "input_scaling": 0.11133403522728465, "ridge": 0.01}}, "layer1": {"errors": {"training error": 0.20385405825797168, "testing error": 0.22903409292900564}, "params": {"sr": 0.5670841972687884, "lr": 0.1287576900364984, "input_scaling": 1.0137413181718307, "ridge": 1e-07}}, "layer2": {"errors": {"training error": 0.6648156566889966, "testing error": 0.6665540900849657}, "params": {"sr": 0.1, "lr": 0.7673347950256527, "iss": 0.8596014347011425, "ridge": 0.1}}}, "0.2": {"layer0": {"errors": {"training error": 0.5517074252050451, "testing error": 0.596190763980234}, "params": {"sr": 2.3864801668707125, "lr": 0.20838507340730156, "input_scaling": 0.11133403522728465, "ridge": 0.01}}, "layer1": {"errors": {"training error": 0.20385405825797168, "testing error": 0.22903409292900564}, "params": {"sr": 0.5670841972687884, "lr": 0.1287576900364984, "input_scaling": 1.0137413181718307, "ridge": 1e-07}}, "layer2": {"errors": {"training error": 0.6646127719688459, "testing error": 0.6663407870880586}, "params": {"sr": 0.2, "lr": 0.7673347950256527, "iss": 0.8596014347011425, "ridge": 0.1}}}, "0.3": {"layer0": {"errors": {"training error": 0.5517074252050451, "testing error": 0.596190763980234}, "params": {"sr": 2.3864801668707125, "lr": 0.20838507340730156, "input_scaling": 0.11133403522728465, "ridge": 0.01}}, "layer1": {"errors": {"training error": 0.20385405825797168, "testing error": 0.22903409292900564}, "params": {"sr": 0.5670841972687884, "lr": 0.1287576900364984, "input_scaling": 1.0137413181718307, "ridge": 1e-07}}, "layer2": {"errors": {"training error": 0.664710457204474, "testing error": 0.6661185964662804}, "params": {"sr": 0.3, "lr": 0.7673347950256527, "iss": 0.8596014347011425, "ridge": 0.1}}}, "0.4": {"layer0": {"errors": {"training error": 0.5517074252050451, "testing error": 0.596190763980234}, "params": {"sr": 2.3864801668707125, "lr": 0.20838507340730156, "input_scaling": 0.11133403522728465, "ridge": 0.01}}, "layer1": {"errors": {"training error": 0.20385405825797168, "testing error": 0.22903409292900564}, "params": {"sr": 0.5670841972687884, "lr": 0.1287576900364984, "input_scaling": 1.0137413181718307, "ridge": 1e-07}}, "layer2": {"errors": {"training error": 0.6651913691337198, "testing error": 0.6667673930818728}, "params": {"sr": 0.4, "lr": 0.7673347950256527, "iss": 0.8596014347011425, "ridge": 0.1}}}, "0.5": {"layer0": {"errors": {"training error": 0.5517074252050451, "testing error": 0.596190763980234}, "params": {"sr": 2.3864801668707125, "lr": 0.20838507340730156, "input_scaling": 0.11133403522728465, "ridge": 0.01}}, "layer1": {"errors": {"training error": 0.20385405825797168, "testing error": 0.22903409292900564}, "params": {"sr": 0.5670841972687884, "lr": 0.1287576900364984, "input_scaling": 1.0137413181718307, "ridge": 1e-07}}, "layer2": {"errors": {"training error": 0.6647292428267102, "testing error": 0.6663763375875431}, "params": {"sr": 0.5, "lr": 0.7673347950256527, "iss": 0.8596014347011425, "ridge": 0.1}}}, "0.6": {"layer0": {"errors": {"training error": 0.5517074252050451, "testing error": 0.596190763980234}, "params": {"sr": 2.3864801668707125, "lr": 0.20838507340730156, "input_scaling": 0.11133403522728465, "ridge": 0.01}}, "layer1": {"errors": {"training error": 0.20385405825797168, "testing error": 0.22903409292900564}, "params": {"sr": 0.5670841972687884, "lr": 0.1287576900364984, "input_scaling": 1.0137413181718307, "ridge": 1e-07}}, "layer2": {"errors": {"training error": 0.6644737583642983, "testing error": 0.6664030004621565}, "params": {"sr": 0.6, "lr": 0.7673347950256527, "iss": 0.8596014347011425, "ridge": 0.1}}}, "0.7": {"layer0": {"errors": {"training error": 0.5517074252050451, "testing error": 0.596190763980234}, "params": {"sr": 2.3864801668707125, "lr": 0.20838507340730156, "input_scaling": 0.11133403522728465, "ridge": 0.01}}, "layer1": {"errors": {"training error": 0.20385405825797168, "testing error": 0.22903409292900564}, "params": {"sr": 0.5670841972687884, "lr": 0.1287576900364984, "input_scaling": 1.0137413181718307, "ridge": 1e-07}}, "layer2": {"errors": {"training error": 0.6646991858311323, "testing error": 0.6664118880870277}, "params": {"sr": 0.7, "lr": 0.7673347950256527, "iss": 0.8596014347011425, "ridge": 0.1}}}, "0.8": {"layer0": {"errors": {"training error": 0.5517074252050451, "testing error": 0.596190763980234}, "params": {"sr": 2.3864801668707125, "lr": 0.20838507340730156, "input_scaling": 0.11133403522728465, "ridge": 0.01}}, "layer1": {"errors": {"training error": 0.20385405825797168, "testing error": 0.22903409292900564}, "params": {"sr": 0.5670841972687884, "lr": 0.1287576900364984, "input_scaling": 1.0137413181718307, "ridge": 1e-07}}, "layer2": {"errors": {"training error": 0.6648569850579161, "testing error": 0.6666163034590636}, "params": {"sr": 0.8, "lr": 0.7673347950256527, "iss": 0.8596014347011425, "ridge": 0.1}}}, "0.9": {"layer0": {"errors": {"training error": 0.5517074252050451, "testing error": 0.596190763980234}, "params": {"sr": 2.3864801668707125, "lr": 0.20838507340730156, "input_scaling": 0.11133403522728465, "ridge": 0.01}}, "layer1": {"errors": {"training error": 0.20385405825797168, "testing error": 0.22903409292900564}, "params": {"sr": 0.5670841972687884, "lr": 0.1287576900364984, "input_scaling": 1.0137413181718307, "ridge": 1e-07}}, "layer2": {"errors": {"training error": 0.6648006281912076, "testing error": 0.6666340787088059}, "params": {"sr": 0.9, "lr": 0.7673347950256527, "iss": 0.8596014347011425, "ridge": 0.1}}}, "1": {"layer0": {"errors": {"training error": 0.5517074252050451, "testing error": 0.596190763980234}, "params": {"sr": 2.3864801668707125, "lr": 0.20838507340730156, "input_scaling": 0.11133403522728465, "ridge": 0.01}}, "layer1": {"errors": {"training error": 0.20385405825797168, "testing error": 0.22903409292900564}, "params": {"sr": 0.5670841972687884, "lr": 0.1287576900364984, "input_scaling": 1.0137413181718307, "ridge": 1e-07}}, "layer2": {"errors": {"training error": 0.6647780854445242, "testing error": 0.6665452024600945}, "params": {"sr": 1, "lr": 0.7673347950256527, "iss": 0.8596014347011425, "ridge": 0.1}}}, "2": {"layer0": {"errors": {"training error": 0.5517074252050451, "testing error": 0.596190763980234}, "params": {"sr": 2.3864801668707125, "lr": 0.20838507340730156, "input_scaling": 0.11133403522728465, "ridge": 0.01}}, "layer1": {"errors": {"training error": 0.20385405825797168, "testing error": 0.22903409292900564}, "params": {"sr": 0.5670841972687884, "lr": 0.1287576900364984, "input_scaling": 1.0137413181718307, "ridge": 1e-07}}, "layer2": {"errors": {"training error": 0.6647254857022629, "testing error": 0.6671140104518468}, "params": {"sr": 2, "lr": 0.7673347950256527, "iss": 0.8596014347011425, "ridge": 0.1}}}, "3": {"layer0": {"errors": {"training error": 0.5517074252050451, "testing error": 0.596190763980234}, "params": {"sr": 2.3864801668707125, "lr": 0.20838507340730156, "input_scaling": 0.11133403522728465, "ridge": 0.01}}, "layer1": {"errors": {"training error": 0.20385405825797168, "testing error": 0.22903409292900564}, "params": {"sr": 0.5670841972687884, "lr": 0.1287576900364984, "input_scaling": 1.0137413181718307, "ridge": 1e-07}}, "layer2": {"errors": {"training error": 0.6644399442442732, "testing error": 0.6664652138362543}, "params": {"sr": 3, "lr": 0.7673347950256527, "iss": 0.8596014347011425, "ridge": 0.1}}}, "4": {"layer0": {"errors": {"training error": 0.5517074252050451, "testing error": 0.596190763980234}, "params": {"sr": 2.3864801668707125, "lr": 0.20838507340730156, "input_scaling": 0.11133403522728465, "ridge": 0.01}}, "layer1": {"errors": {"training error": 0.20385405825797168, "testing error": 0.22903409292900564}, "params": {"sr": 0.5670841972687884, "lr": 0.1287576900364984, "input_scaling": 1.0137413181718307,