{"0.1": {"layer0": {"errors": {"training error": 0.5517262108272812, "testing error": 0.5961729887304916}, "params": {"sr": 0.1, "lr": 0.20838507340730156, "iss": 0.11133403522728465, "ridge": 0.01}}, "layer1": {"errors": {"training error": 0.20311014761741952, "testing error": 0.22846528493725338}, "params": {"sr": 0.5670841972687884, "lr": 0.1287576900364984, "iss": 1.0137413181718307, "ridge": 1e-07}}, "layer2": {"errors": {"training error": 0.6646240433421876, "testing error": 0.6667940559564862}, "params": {"sr": 0.9292550193185131, "lr": 0.7673347950256527, "iss": 0.8596014347011425, "ridge": 0.1}}}, "0.2": {"layer0": {"errors": {"training error": 0.5517262108272812, "testing error": 0.5961729887304916}, "params": {"sr": 0.2, "lr": 0.20838507340730156, "iss": 0.11133403522728465, "ridge": 0.01}}, "layer1": {"errors": {"training error": 0.20311014761741952, "testing error": 0.22846528493725338}, "params": {"sr": 0.5670841972687884, "lr": 0.1287576900364984, "iss": 1.0137413181718307, "ridge": 1e-07}}, "layer2": {"errors": {"training error": 0.6647405142000519, "testing error": 0.6668207188310996}, "params": {"sr": 0.9292550193185131, "lr": 0.7673347950256527, "iss": 0.8596014347011425, "ridge": 0.1}}}, "0.3": {"layer0": {"errors": {"training error": 0.5517262108272812, "testing error": 0.5961729887304916}, "params": {"sr": 0.3, "lr": 0.20838507340730156, "iss": 0.11133403522728465, "ridge": 0.01}}, "layer1": {"errors": {"training error": 0.20311014761741952, "testing error": 0.22846528493725338}, "params": {"sr": 0.5670841972687884, "lr": 0.1287576900364984, "iss": 1.0137413181718307, "ridge": 1e-07}}, "layer2": {"errors": {"training error": 0.6648344423112327, "testing error": 0.6663585623378009}, "params": {"sr": 0.9292550193185131, "lr": 0.7673347950256527, "iss": 0.8596014347011425, "ridge": 0.1}}}, "0.4": {"layer0": {"errors": {"training error": 0.5517262108272812, "testing error": 0.5961729887304916}, "params": {"sr": 0.4, "lr": 0.20838507340730156, "iss": 0.11133403522728465, "ridge": 0.01}}, "layer1": {"errors": {"training error": 0.20311014761741952, "testing error": 0.22846528493725338}, "params": {"sr": 0.5670841972687884, "lr": 0.1287576900364984, "iss": 1.0137413181718307, "ridge": 1e-07}}, "layer2": {"errors": {"training error": 0.664823170937891, "testing error": 0.6665718653347079}, "params": {"sr": 0.9292550193185131, "lr": 0.7673347950256527, "iss": 0.8596014347011425, "ridge": 0.1}}}, "0.5": {"layer0": {"errors": {"training error": 0.5517262108272812, "testing error": 0.5961729887304916}, "params": {"sr": 0.5, "lr": 0.20838507340730156, "iss": 0.11133403522728465, "ridge": 0.01}}, "layer1": {"errors": {"training error": 0.20311014761741952, "testing error": 0.22846528493725338}, "params": {"sr": 0.5670841972687884, "lr": 0.1287576900364984, "iss": 1.0137413181718307, "ridge": 1e-07}}, "layer2": {"errors": {"training error": 0.6648607421823634, "testing error": 0.6668118312062284}, "params": {"sr": 0.9292550193185131, "lr": 0.7673347950256527, "iss": 0.8596014347011425, "ridge": 0.1}}}, "0.6": {"layer0": {"errors": {"training error": 0.5517262108272812, "testing error": 0.5961729887304916}, "params": {"sr": 0.6, "lr": 0.20838507340730156, "iss": 0.11133403522728465, "ridge": 0.01}}, "layer1": {"errors": {"training error": 0.20311014761741952, "testing error": 0.22846528493725338}, "params": {"sr": 0.5670841972687884, "lr": 0.1287576900364984, "iss": 1.0137413181718307, "ridge": 1e-07}}, "layer2": {"errors": {"training error": 0.6644963011109817, "testing error": 0.6662519108393473}, "params": {"sr": 0.9292550193185131, "lr": 0.7673347950256527, "iss": 0.8596014347011425, "ridge": 0.1}}}, "0.7": {"layer0": {"errors": {"training error": 0.5517262108272812, "testing error": 0.5961729887304916}, "params": {"sr": 0.7, "lr": 0.20838507340730156, "iss": 0.11133403522728465, "ridge": 0.01}}, "layer1": {"errors": {"training error": 0.20311014761741952, "testing error": 0.22846528493725338}, "params": {"sr": 0.5670841972687884, "lr": 0.1287576900364984, "iss": 1.0137413181718307, "ridge": 1e-07}}, "layer2": {"errors": {"training error": 0.6645789578488208, "testing error": 0.6665452024600945}, "params": {"sr": 0.9292550193185131, "lr": 0.7673347950256527, "iss": 0.8596014347011425, "ridge": 0.1}}}, "0.8": {"layer0": {"errors": {"training error": 0.5517262108272812, "testing error": 0.5961729887304916}, "params": {"sr": 0.8, "lr": 0.20838507340730156, "iss": 0.11133403522728465, "ridge": 0.01}}, "layer1": {"errors": {"training error": 0.20311014761741952, "testing error": 0.22846528493725338}, "params": {"sr": 0.5670841972687884, "lr": 0.1287576900364984, "iss": 1.0137413181718307, "ridge": 1e-07}}, "layer2": {"errors": {"training error": 0.6646804002088961, "testing error": 0.6665274272103523}, "params": {"sr": 0.9292550193185131, "lr": 0.7673347950256527, "iss": 0.8596014347011425, "ridge": 0.1}}}, "0.9": {"layer0": {"errors": {"training error": 0.5517262108272812, "testing error": 0.5961729887304916}, "params": {"sr": 0.9, "lr": 0.20838507340730156, "iss": 0.11133403522728465, "ridge": 0.01}}, "layer1": {"errors": {"training error": 0.20311014761741952, "testing error": 0.22846528493725338}, "params": {"sr": 0.5670841972687884, "lr": 0.1287576900364984, "iss": 1.0137413181718307, "ridge": 1e-07}}, "layer2": {"errors": {"training error": 0.6648006281912076, "testing error": 0.6667407302072594}, "params": {"sr": 0.9292550193185131, "lr": 0.7673347950256527, "iss": 0.8596014347011425, "ridge": 0.1}}}, "1": {"layer0": {"errors": {"training error": 0.5517262108272812, "testing error": 0.5961729887304916}, "params": {"sr": 1, "lr": 0.20838507340730156, "iss": 0.11133403522728465, "ridge": 0.01}}, "layer1": {"errors": {"training error": 0.20311014761741952, "testing error": 0.22846528493725338}, "params": {"sr": 0.5670841972687884, "lr": 0.1287576900364984, "iss": 1.0137413181718307, "ridge": 1e-07}}, "layer2": {"errors": {"training error": 0.6647855996934187, "testing error": 0.6665985282093213}, "params": {"sr": 0.9292550193185131, "lr": 0.7673347950256527, "iss": 0.8596014347011425, "ridge": 0.1}}}, "2": {"layer0": {"errors": {"training error": 0.5517262108272812, "testing error": 0.5961729887304916}, "params": {"sr": 2, "lr": 0.20838507340730156, "iss": 0.11133403522728465, "ridge": 0.01}}, "layer1": {"errors": {"training error": 0.20311014761741952, "testing error": 0.22846528493725338}, "params": {"sr": 0.5670841972687884, "lr": 0.1287576900364984, "iss": 1.0137413181718307, "ridge": 1e-07}}, "layer2": {"errors": {"training error": 0.6651011981469862, "testing error": 0.6671317857015892}, "params": {"sr": 0.9292550193185131, "lr": 0.7673347950256527, "iss": 0.8596014347011425, "ridge": 0.1}}}, "3": {"layer0": {"errors": {"training error": 0.5517262108272812, "testing error": 0.5961729887304916}, "params": {"sr": 3, "lr": 0.20838507340730156, "iss": 0.11133403522728465, "ridge": 0.01}}, "layer1": {"errors": {"training error": 0.20311014761741952, "testing error": 0.22846528493725338}, "params": {"sr": 0.5670841972687884, "lr": 0.1287576900364984, "iss": 1.0137413181718307, "ridge": 1e-07}}, "layer2": {"errors": {"training error": 0.6649020705512829, "testing error": 0.6669806960787799}, "params": {"sr": 0.9292550193185131, "lr": 0.7673347950256527, "iss": 0.8596014347011425, "ridge": 0.1}}}, "4": {"layer0": {"errors": {"training error": 0.5517262108272812, "testing error": 0.5961729887304916}, "params": {"sr": 4, "lr": 0.20838507340730156, "iss": 0.11133403522728465, "ridge": 0.01}}, "layer1": {"errors": {"training error": 0.20311014761741952, "testing error": 0.22846528493725338}, "params": {"sr": 0.5670841972687884, "lr": 0.1287576900364984, "iss": 1.0137413181718307, "ridge": 1e-07}}, "layer2": {"errors": {"training error": 0.6646202862177404, "testing error": 0.6666518539585481}, "params": {"sr": 0.9292550193185131, "lr": 0.7673347950256527, "iss": 0.8596014347011425, "ridge": 0.1}}},